REG_CUSER,REG_SNO,AIR_TYPE,AIR_BUILD_DATE,AIR_AGE,REG_DATE,AIR_LIMIT_MAN,AIR_FLY_WEIGHT,REG_JANG,PROC_TYPE,PRJ_GBN
(재)스타항공우주,HL9493,MI-2,1988-09-25,30,2010-12-27,9,3550kg,예천군 감천면,구매,항공기사용사업
(재)스타항공우주,HL9492,MI-2,1987-05-05,32,2010-12-28,9,3550kg,예천군 감천면,구매,항공기사용사업
(재)스타항공우주,HL9494,MI-2,1973-01-01,46,2011-01-05,9,3550kg,예천군 감천면,구매,항공기사용사업
(재)스타항공우주,HL9471,MI-2,1986-09-30,32,2012-04-19,9,3550kg,예천군 감천면,구매,항공기사용사업
(재)스타항공우주,HL9301,BELL206B,1978-07-19,40,2012-10-18,5,1450kg,예천군 감천면,구매,소형항공기운송사업
(재)스타항공우주,HL9303,BELL206L-1,1981-01-01,38,2014-03-17,7,4150lbs,예천군 감천면,구매,소형항공기운송사업
(재)스타항공우주,HL1201,C-182S,1998-01-01,21,2014-05-16,4,1406kg,대구공항,구매,항공기사용사업
(재)스타항공우주,HL8037,C-500,1977-03-29,42,2015-04-27,8,11850lbs,무안공항,구매,소형항공기운송사업
(재)스타항공우주,HL9622,MI-2,1987-04-15,32,2016-01-18,9,3550kg,예천군 감천면,구매,항공기사용사업
(재)스타항공우주,HL9623,MI-2,1988-03-21,31,2016-02-11,9,3550kg,예천군 감천면,구매,항공기사용사업
(재)스타항공우주,HL9699,S-76A,1990-10-31,28,2017-06-07,14,10800lbs,예천군 감천면,구매,소형항공기운송사업
(주)가디언즈 항공,HL1156,C-172S,2003-11-09,15,2012-01-06,4,2550lbs,김포공항,임차,항공기사용사업
(주)가디언즈 항공,HL1163,C-172S,2000-03-06,19,2012-09-24,4,1156.6kg,양양공항,구매,항공기사용사업
(주)가디언즈 항공,HL1185,C-172R,1998-02-03,21,2013-12-17,4,2550lbs,양양공항,구매,항공기사용사업
(주)가디언즈 항공,HL1197,C-172R,1998-08-11,20,2014-06-02,4,1157.7kg,무안공항,구매,항공기사용사업
(주)가디언즈 항공,HL1219,C-172R,2000-02-25,19,2015-01-02,4,1111kg,양양공항,구매,항공기사용사업
(주)가디언즈 항공,HL1257,C-172S,2001-09-10,17,2015-12-04,4,2550lbs,양양국제공항,구매,항공기사용사업
(주)동해기계항공,HL6147,UH-12E,1978-05-25,41,2015-06-05,3,1270kg,공주시 신풍면,구매,자가용
(주)성준항공,HL1117,TB-9,1993-01-19,26,2009-07-23,4,1.06ton,김포공항,구매,항공기사용사업
(주)성준항공,HL6145,R-44Ⅱ,2010-11-11,8,2010-12-20,4,2500lbs,김포공항,구매,항공기사용사업
(주)스펙코어,HL1145,C-172S,2002-11-14,16,2011-05-17,4,1111kg,울산공항,구매,항공기사용사업
(주)스펙코어,HL1193,C-172R,2006-09-01,12,2014-01-07,4,2450lbs,울산공항,구매,항공기사용사업
(주)스펙코어,HL1194,C-172R,2006-08-18,12,2014-01-07,4,2450lbs,울산공항,구매,항공기사용사업
(주)스펙코어,HL2039,PA-34-220T,1998-02-03,21,2014-09-22,5,4750lbs,양양국제공항,구매,항공기사용사업
(주)스펙코어,HL1256,C-172R,1997-06-17,22,2015-10-05,4,1111kg,무안공항,구매,항공기사용사업
(주)스펙코어,HL5240,B300,2014-08-18,4,2017-10-10,5,7484kg,김포공항,구매,항공기사용사업
(주)신한에어,HL1202,C-172S,2008-12-12,10,2014-05-28,4,1111kg,전남 영암군 미암면 ,구매,항공기사용사업
(주)신한에어,HL1203,C-172S,2005-09-09,13,2014-05-28,4,1111kg,전남 영암,구매,항공기사용사업
(주)에어필립,HL6143,R-44Ⅱ,2009-06-25,9,2009-08-06,4,2500lbs,김포공항,구매,소형항공기운송사업
(주)지오스토리,HL5239,E90,1993-07-16,25,2013-09-12,4,10100lbs,김포공항,구매,항공기사용사업
(주)지오스토리,HL5242,C90B,2018-01-19,1,2018-04-24,5,10100lbs,무안공항,구매,항공기사용사업
(주)지오투정보기술,HL1130,T-206H,2003-06-24,16,2010-09-15,6,1.724ton,김포공항,구매,항공기사용사업
(주)티티엠코리아,HL1146,SR20,2003-02-28,16,2013-05-29,4,1361kg,김포공항,구매,항공기사용사업
(주)한국조종사교육원,HL1107,C-172S,1999-01-19,20,2007-07-13,4,1156kg,양양공항,구매,항공기사용사업
(주)한국조종사교육원,HL1110,C-172S,2003-04-22,16,2008-03-17,5,1156kg,양양공항,구매,항공기사용사업
(주)한국조종사교육원,HL1112,C-172S,2004-11-22,14,2008-11-25,4,1160kg,울산공항,구매,항공기사용사업
(주)한국조종사교육원,HL2030,PA44-180,1981-03-21,38,2009-07-23,4,1.72ton,울산공항,구매,항공기사용사업
(주)한국조종사교육원,HL1149,C-172S,2003-01-14,16,2011-11-01,4,1156.6kg,울산공항,구매,항공기사용사업
(주)한국조종사교육원,HL1150,C-172S,2000-07-07,18,2011-12-05,4,1156.6kg,울산공항,구매,항공기사용사업
(주)한국조종사교육원,HL1151,C-172S,2003-08-06,15,2011-12-05,4,1156.6kg,울산공항,구매,항공기사용사업
(주)한국조종사교육원,HL1162,C-172S,2004-10-18,14,2012-09-24,4,1156.6kg,양양공항,구매,항공기사용사업
(주)한국조종사교육원,HL1164,C-172S,2005-01-31,14,2012-12-21,4,2550lbs,양양공항,구매,항공기사용사업
(주)한국조종사교육원,HL1165,C-172S,2003-06-09,16,2012-12-21,4,1156.6kg,양양공항,구매,항공기사용사업
(주)한국조종사교육원,HL1262,C-172S,2004-06-08,15,2016-10-24,4,2550lbs,강원도 양양,구매,항공기사용사업
LG전자,HL9604,S-76D,2013-04-23,6,2014-10-16,8,5386kg,김포공항,구매,자가용
LG전자,HL8299,GVI,2016-06-11,3,2016-12-13,12,46.992ton,김포공항,구매,자가용
LG전자,HL9640,S-76D,2015-03-18,4,2018-08-14,8,5386kg,김포공항,구매,자가용
SK텔레콤,HL8200,GV-SP,2009-02-24,10,2009-09-17,16,41.277ton,김포공항,구매,자가용
SK텔레콤,HL9600,S-76D,2014-07-03,4,2014-08-14,8,5.386ton,김포공항,구매,자가용
SK텔레콤,HL8080,A319-115,2013-10-18,5,2015-04-09,17,11875lbs,김포공항,구매,자가용
강원도,HL9476,AW139,2009-03-04,10,2009-05-26,14,6.4ton,강원도 양양,구매,자가용
강원도,HL9626,AW139,2017-02-10,2,2017-04-26,15,6800kg,춘천시 신북읍,구매,자가용
경기도,HL9455,AS-365N3,2001-09-18,17,2007-11-15,14,4.3ton,경기도 용인시,구매,자가용
경기도,HL9456,KA-32T,2001-02-14,18,2007-11-15,18,11ton,경기도 용인시,구매,자가용
경기도,HL9485,AW139,2010-08-06,8,2010-11-02,17,6.4ton,경기도 용인시,구매,자가용
경상남도,HL9464,AS-365N3,2006-12-14,12,2007-12-05,14,4.3ton,경남합천군용주면용지리,구매,자가용
경상북도,HL9462,KA-32T,1995-06-27,23,2007-11-15,18,11ton,대구K-2 공군기지내,구매,자가용
경상북도,HL9463,AS-365N3,2006-02-17,13,2007-11-15,14,4.3ton,대구K-2 공군기지내,구매,자가용
경운대학교,HL1218,SR20,2001-03-09,18,2015-01-09,4,1361kg,무안공항,구매,자가용
경운대학교,HL1225,SR20,2000-05-08,19,2015-03-10,4,1361kg,무안공항,구매,자가용
경운대학교,HL1234,SR20,2003-05-16,16,2015-06-15,4,1361kg,무안공항,구매,자가용
경운대학교,HL1240,SR20,2001-09-07,17,2015-08-11,4,1361kg,무안공항,구매,자가용
경운대학교,HL1241,SR20,2011-11-20,7,2015-10-29,4,1361kg,무안공항,구매,자가용
경운대학교,HL1274,XL-2,2008-09-03,10,2017-05-24,2,794kg,전남 영암군,구매,자가용
경운대학교,HL1275,XL-2,2008-09-08,10,2017-05-24,2,794kg,전남 영암군,구매,자가용
경운대학교,HL1281,XL-2,2008-06-04,11,2019-04-10,2,794kg,전남 영암,구매,자가용
경운대학교,HL1282,MI-2,2007-08-13,11,2019-04-10,2,794kg,전남 영암,구매,자가용
경운대학교,HL1283,XL-2,2007-07-18,11,2019-04-10,2,794kg,무안공항,구매,자가용
광주광역시,HL9450,BK117B-2,1997-03-21,22,2007-12-05,10,3.35ton,광주공항,구매,자가용
국립공원관리공단,HL9465,KA-32T,1997-04-24,22,2007-12-06,18,11ton,청주국제공항,구매,자가용
국제조종사교육원,HL1180,C-172S,1999-01-02,20,2013-08-08,4,2550lbs,김포공항,구매,항공기사용사업
국제조종사교육원,HL1183,C-172S,2005-02-15,14,2013-11-12,4,2550lbs,김포공항,구매,항공기사용사업
국제조종사교육원,HL1199,C-172S,1999-09-30,19,2014-05-14,4,2550lbs,강원도 양양,구매,항공기사용사업
글로리아교육재단,HL1116,C-172R,1999-06-08,20,2010-06-23,4,1.111ton,울진비행장,구매,자가용
글로리아교육재단,HL1204,C-172S,2007-06-06,12,2014-06-23,4,1.156ton,울진비행장,구매,자가용
글로리아교육재단,HL1205,C-172S,2007-09-27,11,2014-06-23,4,1.156ton,울진비행장,구매,자가용
글로리아교육재단,HL1211,C-172S,2007-03-15,12,2014-09-11,4,1.156ton,울진비행장,구매,자가용
글로리아교육재단,HL1212,C-172S,2006-11-21,12,2014-09-11,4,1.156ton,울진비행장,구매,자가용
글로리아교육재단,HL1213,C-172S,2004-10-27,14,2014-09-30,4,2550lbs,울진비행장,구매,자가용
글로리아교육재단,HL1215,C-172S,2001-12-03,17,2014-09-30,4,2550lbs,울진비행장,구매,자가용
글로리아교육재단,HL1214,C-172S,2002-11-19,16,2014-10-27,4,2550lbs,울진비행장,구매,자가용
글로리아교육재단,HL1216,C-172R,1997-12-03,21,2014-10-27,4,2550lbs,울진비행장,구매,자가용
글로리아교육재단,HL1235,C-172S,2007-04-20,12,2015-06-02,4,2550lbs,울진비행장,구매,자가용
글로리아교육재단,HL1238,C-172S,2007-04-17,12,2015-06-03,4,2550lbs,울진비행장,구매,자가용
글로리아교육재단,HL1236,C-172S,2006-09-29,12,2015-06-29,4,2550lbs,울진비행장,구매,자가용
글로리아교육재단,HL1237,C-172S,2015-06-29,3,2015-06-29,4,2550lbs,울진비행장,구매,자가용
글로리아교육재단,HL2044,PA44-180,2015-08-28,3,2015-10-13,4,3800lbs,울진비행장,구매,자가용
글로리아교육재단,HL1259,C-172S,2007-06-12,12,2016-01-18,4,2550lbs,울진비행장,구매,자가용
글로리아교육재단,HL1260,C-172S,2007-06-14,12,2016-01-18,4,2550lbs,울진비행장,구매,자가용
글로리아교육재단,HL1261,C-172S,2007-06-21,12,2016-01-18,24.6,2550lbs,울진비행장,구매,자가용
글로리아항공,HL9635,S-76A,1987-10-18,31,2017-08-14,13,4898kg,김포산업단지,구매,항공기사용사업
글로리아항공,HL9636,S-76C,1994-03-09,25,2017-08-14,13,5306kg,김포산업단지,구매,항공기사용사업
글로리아항공,HL9637,S-76A,1983-02-21,36,2017-11-08,13,4898kg,김포산업단지,구매,항공기사용사업
글로리아항공,HL9638,S-76A,1989-10-31,29,2017-11-08,13,4898kg,김포산업단지,구매,항공기사용사업
김**(172),HL1155,C-172S,2004-12-07,14,2012-01-06,4,2550lbs,김포공항,임차,자가용
김**(172),HL1158,C-172S,2008-03-24,11,2012-02-27,4,2550lbs,김포공항,임차,자가용
네이버시스템(주),HL5107,C-208,1994-06-23,25,1994-10-08,6,3628kg,김포공항,구매,항공기사용사업
단비에어,HL5123,AT-802,2011-04-26,8,2013-11-18,2,7257kg,울산공항,구매,항공기사용사업
대구광역시,HL9185,AS-350B2,1995-10-29,23,2007-12-05,6,2.25ton,대구공항,구매,자가용
대구광역시,HL9446,KA-32T,2005-11-15,13,2007-12-05,18,11ton,대구공항,구매,자가용
대진항공,HL9173,AS-350B2,1995-06-17,24,2006-04-27,6,2.25ton,김포공항,구매,항공기사용사업
대진항공,HL9299,KA-32T,1991-09-12,27,2008-05-02,19,11ton,김해공항,구매,항공기사용사업
대한항공,HL7584,A330-300,2000-05-15,19,2000-05-31,276,215.28ton,김포공항,구매,국제항공운송사업
대한항공,HL7573,B777-300,2000-05-30,19,2000-06-27,338,272.97ton,인천국제공항,구매,국제항공운송사업
대한항공,HL7585,A330-300,2000-07-06,18,2000-07-26,276,215.28ton,김포공항,구매,국제항공운송사업
대한항공,HL7586,A330-300,2000-07-21,18,2000-08-10,276,215.28ton,김포공항,구매,국제항공운송사업
대한항공,HL7560,B737-800,2000-07-10,18,2000-08-15,147,79ton,인천국제공항,구매,국제항공운송사업
대한항공,HL7574,B777-200,2000-09-18,18,2000-10-18,248,286.9ton,김해공항,구매,국제항공운송사업
대한항공,HL7575,B777-200,2000-10-12,18,2000-11-09,248,292.56ton,인천국제공항,구매,국제항공운송사업
대한항공,HL7587,A330-300,2000-11-08,18,2000-11-29,276,215.28ton,김포공항,임차,국제항공운송사업
대한항공,HL7566,B737-800,2001-04-30,18,2001-05-25,147,79ton,김포공항,임차,국제항공운송사업
대한항공,HL7568,B737-800,2001-06-18,18,2001-07-12,147,79ton,광주공항,임차,국제항공운송사업
대한항공,HL7598,B777-200,2001-07-17,17,2001-09-28,248,292.56ton,인천국제공항,구매,국제항공운송사업
대한항공,HL7702,A330-300,2001-09-12,17,2001-10-25,276,215.28ton,인천국제공항,구매,국제항공운송사업
대한항공,HL7569,B737-900,2001-10-16,17,2001-11-21,188,74.39ton,김포공항,임차,국제항공운송사업
대한항공,HL7599,B737-900,2001-11-13,17,2001-12-11,188,74.39ton,대구공항,임차,국제항공운송사업
대한항공,HL7704,B737-900,2002-02-07,17,2002-03-07,188,74.39ton,김해공항,임차,국제항공운송사업
대한항공,HL7705,B737-900,2002-05-31,17,2002-06-26,188,78.39ton,김포공항,임차,국제항공운송사업
대한항공,HL7714,B777-200,2002-06-24,17,2002-07-25,248,292.56ton,인천국제공항,구매,국제항공운송사업
대한항공,HL7706,B737-900,2002-07-09,16,2002-08-06,188,78.39ton,광주공항,구매,국제항공운송사업
대한항공,HL7709,A330-300,2002-07-02,16,2002-08-08,276,215.28ton,인천국제공항,구매,국제항공운송사업
대한항공,HL7707,B737-900,2002-07-12,16,2002-09-10,188,78.39ton,제주국제공항,구매,국제항공운송사업
대한항공,HL7715,B777-200,2002-08-13,16,2002-09-27,248,292.56ton,인천국제공항,구매,국제항공운송사업
대한항공,HL7710,A330-300,2002-07-18,16,2002-10-04,276,215.28ton,인천국제공항,구매,국제항공운송사업
대한항공,HL7708,B737-900,2002-08-08,16,2002-10-07,188,79.02ton,울산공항,구매,국제항공운송사업
대한항공,HL7718,B737-900,2003-05-28,16,2003-06-20,188,79.02ton,김포공항,구매,국제항공운송사업
대한항공,HL7716,B737-900,2003-04-21,16,2003-06-30,188,79.02ton,김포공항,구매,국제항공운송사업
대한항공,HL7717,B737-900,2003-05-14,16,2003-07-16,188,79.02ton,김포공항,구매,국제항공운송사업
대한항공,HL7721,B777-200,2003-08-06,15,2003-09-08,248,286.9ton,인천국제공항,구매,국제항공운송사업
대한항공,HL7720,A330-300,2003-08-07,15,2003-10-15,276,217ton,인천국제공항,구매,국제항공운송사업
대한항공,HL7719,B737-900,2003-11-09,15,2003-12-17,188,79ton,제주국제공항,구매,국제항공운송사업
대한항공,HL7724,B737-900,2004-04-09,15,2004-05-17,188,79ton,김포공항,구매,국제항공운송사업
대한항공,HL7725,B737-900,2004-05-11,15,2004-06-09,188,79ton,김포공항,구매,국제항공운송사업
대한항공,HL7601,B747-400F,2004-07-19,14,2004-08-16,8,412.8ton,인천국제공항,구매,국제항공운송사업
대한항공,HL7727,B737-900,2004-06-23,15,2004-08-31,188,79ton,김포공항,구매,국제항공운송사업
대한항공,HL7728,B737-900,2004-11-19,14,2004-12-22,188,79ton,제주국제공항,임구,국제항공운송사업
대한항공,HL9284,S-76C,2004-07-26,14,2005-01-26,6,5.3ton,김포공항,구매,소형항공기운송사업
대한항공,HL7726,B737-900,2005-05-26,14,2005-06-22,188,79ton,김포공항,구매,국제항공운송사업
대한항공,HL7602,B747-400F,2005-10-07,13,2005-10-30,8,412.8ton,인천국제공항,구매,국제항공운송사업
대한항공,HL7603,B747-400F,2005-12-08,13,2006-01-13,8,412.8ton,인천국제공항,구매,국제항공운송사업
대한항공,HL7605,B747-400F,2006-05-31,13,2006-06-30,8,412.8ton,인천국제공항,구매,국제항공운송사업
대한항공,HL7757,B737-800,2006-11-08,12,2006-12-06,147,79ton,청주국제공항,임차,국제항공운송사업
대한항공,HL7751,B777-200,2007-07-20,11,2007-08-27,261,292.56ton,인천국제공항,구매,국제항공운송사업
대한항공,HL7752,B777-200,2007-11-05,11,2007-11-30,261,292.56ton,제주국제공항,구매,국제항공운송사업
대한항공,HL7764,B777-200,2007-11-14,11,2007-12-20,261,292.56ton,인천국제공항,구매,국제항공운송사업
대한항공,HL7765,B777-200,2008-03-29,11,2008-05-14,261,292.56ton,김포공항,구매,국제항공운송사업
대한항공,HL7766,B777-200,2008-06-08,11,2008-06-30,261,292.56ton,인천국제공항,구매,국제항공운송사업
대한항공,HL7782,B777-300ER,2009-04-19,10,2009-05-27,291,344.74ton,인천국제공항,임구,국제항공운송사업
대한항공,HL7783,B777-300ER,2009-07-19,9,2009-08-30,291,344.74ton,인천국제공항,임구,국제항공운송사업
대한항공,HL8201,C525,2009-08-28,9,2009-09-17,3,4.491ton,제주비행훈련원,구매,항공기사용사업
대한항공,HL8202,C525,2009-08-27,9,2009-09-17,3,4.853ton,제주비행훈련원,구매,항공기사용사업
대한항공,HL7784,B777-300ER,2009-09-27,9,2009-10-27,291,344.74ton,인천국제공항,임차,국제항공운송사업
대한항공,HL9482,AW139,2009-09-03,9,2009-12-30,14,6.4ton,김포공항,구매,소형항공기운송사업
대한항공,HL8208,B777-300ER,2010-04-13,9,2010-05-10,291,344.74ton,인천국제공항,임구,국제항공운송사업
대한항공,HL8209,B777-300ER,2010-05-16,9,2010-06-09,291,344.74ton,인천국제공항,임구,국제항공운송사업
대한항공,HL9487,AW139,2010-05-06,9,2010-06-15,8,6.4ton,김포공항,구매,소형항공기운송사업
대한항공,HL8222,B737-700,2009-07-27,9,2010-07-14,16,77.6ton,김포공항,구매,소형항공기운송사업
대한항공,HL8210,B777-300ER,2010-06-23,8,2010-07-16,291,344.74ton,인천국제공항,임구,국제항공운송사업
대한항공,HL8211,A330-200,2010-06-21,9,2010-07-26,218,237.9ton,인천국제공항,임차,국제항공운송사업
대한항공,HL8212,A330-200,2010-08-30,8,2010-09-29,218,238ton,인천국제공항,임차,국제항공운송사업
대한항공,HL8227,A330-200,2011-01-24,8,2011-02-14,218,238ton,인천국제공항,임구,국제항공운송사업
대한항공,HL8228,A330-200,2011-01-31,8,2011-03-07,218,238ton,인천국제공항,임구,국제항공운송사업
대한항공,HL8216,B777-300ER,2011-04-21,8,2011-05-18,291,344.74ton,인천국제공항,임구,국제항공운송사업
대한항공,HL7611,A380-800,2010-09-27,8,2011-05-31,407,560ton,인천국제공항,임구,국제항공운송사업
대한항공,HL8217,B777-300ER,2011-05-15,8,2011-06-07,291,344.74ton,제주국제공항,임구,국제항공운송사업
대한항공,HL8221,B737-900ER,2011-04-22,8,2011-06-14,159,81.87ton,제주국제공항,임구,국제항공운송사업
대한항공,HL8223,B737-900ER,2011-06-08,8,2011-06-28,159,81.87ton,제주국제공항,임구,국제항공운송사업
대한항공,HL7612,A380-800,2010-11-08,8,2011-07-13,407,560ton,인천국제공항,임구,국제항공운송사업
대한항공,HL7613,A380-800,2010-11-24,8,2011-08-19,407,560ton,인천국제공항,임구,국제항공운송사업
대한항공,HL8230,BD-700-1A10,2010-03-09,9,2011-08-26,13,45132kg,인천국제공항,임구,소형항공기운송사업
대한항공,HL7614,A380-800,2011-02-08,8,2011-09-07,407,560ton,인천국제공항,임구,국제항공운송사업
대한항공,HL8240,B737-800,2011-09-14,7,2011-10-07,138,79.0ton,제주국제공항,임차,국제항공운송사업
대한항공,HL8218,B777-300ER,2011-10-26,7,2011-11-21,291,344.74ton,인천국제공항,임구,국제항공운송사업
대한항공,HL7615,A380-800,2011-03-29,8,2011-11-28,407,560ton,인천국제공항,임구,국제항공운송사업
대한항공,HL8241,B737-800,2011-11-07,7,2011-11-30,138,79.0ton,인천국제공항,임차,국제항공운송사업
대한항공,HL7609,B747-8F,2012-01-10,7,2012-02-06,8,442.2ton,인천국제공항,임구,국제항공운송사업
대한항공,HL8251,B777F,2012-01-10,7,2012-02-06,8,347.8ton,인천국제공항,임구,국제항공운송사업
대한항공,HL8245,B737-800,2012-03-23,7,2012-04-02,138,79ton,청주국제공항,임차,국제항공운송사업
대한항공,HL8248,B737-900ER,2012-05-05,7,2012-05-18,159,81.64ton,청주국제공항,임구,국제항공운송사업
대한항공,HL8246,B737-800,2012-05-17,7,2012-06-04,138,79ton,청주국제공항,임차,국제항공운송사업
대한항공,HL8249,B737-900ER,2012-06-07,7,2012-06-25,159,81.64ton,청주국제공항,임구,국제항공운송사업
대한항공,HL8250,B777-300ER,2012-06-04,7,2012-06-25,291,344.74ton,제주국제공항,임구,국제항공운송사업
대한항공,HL8252,B777F,2012-06-24,6,2012-06-29,8,347.8ton,제주국제공항,임구,국제항공운송사업
대한항공,HL7610,B747-8F,2012-08-18,6,2012-09-04,8,442.2ton,인천국제공항,임구,국제항공운송사업
대한항공,HL8247,B737-800,2012-10-01,6,2012-10-22,138,79ton,청주국제공항,임차,국제항공운송사업
대한항공,HL7619,A380-800,2012-06-27,6,2012-12-10,407,560ton,인천국제공항,임구,국제항공운송사업
대한항공,HL8226,B777F,2013-01-17,6,2013-02-25,8,347.8ton,인천국제공항,임구,국제항공운송사업
대한항공,HL8274,B777-300ER,2013-02-09,6,2013-02-28,291,344.74ton,인천국제공항,임구,국제항공운송사업
대한항공,HL8276,A330-200,2013-02-11,6,2013-03-08,218,238ton,인천국제공항,구매,국제항공운송사업
대한항공,HL7617,B747-8F,2013-03-15,6,2013-03-28,NA,442.2ton,인천국제공항,임구,국제항공운송사업
대한항공,HL8272,B737-900ER,2013-05-09,6,2013-05-24,159,81.64ton,김포공항,임구,국제항공운송사업
대한항공,HL8273,B737-900ER,2013-05-24,6,2013-06-07,159,81.64ton,김포공항,임구,국제항공운송사업
대한항공,HL8275,B777-300ER,2013-05-24,6,2013-06-11,291,344.74ton,김포공항,임구,국제항공운송사업
대한항공,HL7621,A380-800,2013-01-24,6,2013-08-28,407,560ton,인천국제공항,구매,국제항공운송사업
대한항공,HL7622,A380-800,2013-03-20,6,2013-10-25,407,560ton,인천국제공항,임구,국제항공운송사업
대한항공,HL7624,B747-8F,2013-12-14,5,2013-12-30,NA,447.69ton,인천국제공항,임구,국제항공운송사업
대한항공,HL8285,B777F,2014-01-13,5,2014-02-24,NA,347.81ton,김포공항,임구,국제항공운송사업
대한항공,HL7623,B747-8F,2014-02-21,5,2014-03-14,NA,447.69ton,인천국제공항,임구,국제항공운송사업
대한항공,HL7627,A380-800,2014-02-12,5,2014-06-27,407,560ton,인천국제공항,구매,국제항공운송사업
대한항공,HL7628,A380-800,2014-03-05,5,2014-07-28,407,560ton,인천국제공항,임구,국제항공운송사업
대한항공,HL8001,A330-300,2014-09-10,4,2014-09-29,272,230ton,김포공항,임구,국제항공운송사업
대한항공,HL9609,AW139,2014-10-10,4,2014-10-31,14,6400kg,김포공항,구매,소형항공기운송사업
대한항공,HL8002,A330-300,2014-10-31,4,2014-11-28,272,230ton,김포공항,임구,국제항공운송사업
대한항공,HL8003,A330-300,2014-12-04,4,2014-12-22,272,230ton,김포공항,임구,국제항공운송사업
대한항공,HL9610,AW139,2014-12-19,4,2015-01-09,14,6400kg,김포공항,구매,소형항공기운송사업
대한항공,HL8005,B777F,2015-02-05,4,2015-02-24,NA,347.81ton,김포공항,임차,국제항공운송사업
대한항공,HL8025,A330-300,2015-02-16,4,2015-03-27,272,230ton,김포공항,임구,국제항공운송사업
대한항공,HL8010,B777-300ER,2015-04-08,4,2015-04-29,291,344.74ton,김포공항,임차,국제항공운송사업
대한항공,HL8011,B777-300ER,2015-05-07,4,2015-05-29,291,344.74ton,김포공항,구매,국제항공운송사업
대한항공,HL8026,A330-300,2015-06-10,4,2015-06-24,272,230ton,김포공항,임구,국제항공운송사업
대한항공,HL7629,B747-8F,2015-06-10,4,2015-06-30,NA,447.69ton,인천국제공항,임구,국제항공운송사업
대한항공,HL8006,B777-300ER,2015-06-24,3,2015-07-23,291,344.74ton,김포공항,임구,국제항공운송사업
대한항공,HL8007,B777-300ER,2015-07-27,3,2015-08-11,291,344.74ton,김포공항,임구,국제항공운송사업
대한항공,HL7630,B747-8,2015-07-20,3,2015-08-25,368,447.69ton,인천국제공항,임구,국제항공운송사업
대한항공,HL8027,A330-300,2015-08-20,3,2015-08-31,272,230ton,김포공항,임구,국제항공운송사업
대한항공,HL7631,B747-8,2015-08-24,3,2015-09-30,368,447.69ton,인천국제공항,임구,국제항공운송사업
대한항공,HL8008,B777-300ER,2015-09-18,3,2015-09-30,277,344.73ton,김포공항,임차,국제항공운송사업
대한항공,HL7632,B747-8,2015-09-29,3,2015-10-27,368,447.69ton,인천국제공항,임구,국제항공운송사업
대한항공,HL7633,B747-8,2015-10-22,3,2015-11-17,368,447.69ton,인천국제공항,임구,국제항공운송사업
대한항공,HL8009,B777-300ER,2015-12-05,3,2015-12-23,277,344.73ton,김포공항,임구,국제항공운송사업
대한항공,HL7636,B747-8,2015-12-10,3,2016-01-25,368,447.69ton,인천국제공항,임구,국제항공운송사업
대한항공,HL7638,B747-8,2016-04-26,3,2016-05-26,368,447.69ton,인천국제공항,임구,국제항공운송사업
대한항공,HL8041,B777-300ER,2016-05-16,3,2016-05-27,277,344.73ton,김포공항,임구,국제항공운송사업
대한항공,HL8075,B777F,2016-01-27,3,2016-06-24,NA,347.81ton,김포공항,임차,국제항공운송사업
대한항공,HL7637,B747-8,2016-06-02,3,2016-06-27,368,447.69ton,인천국제공항,임구,국제항공운송사업
대한항공,HL8042,B777-300ER,2016-06-02,3,2016-06-28,277,344.73ton,김포공항,임구,국제항공운송사업
대한항공,HL8068,GVI,2016-03-29,3,2016-08-23,13,46992kg,김포공항,임차,소형항공기운송사업
대한항공,HL8043,B777F,2016-08-14,2,2016-08-31,NA,347.81ton,김포공항,임차,국제항공운송사업
대한항공,HL8044,B777F,2016-09-19,2,2016-09-19,NA,347.81ton,김포공항,임차,국제항공운송사업
대한항공,HL8076,B777F,2016-09-23,2,2016-10-28,NA,347.81ton,김포공항,임차,국제항공운송사업
대한항공,HL8045,B777F,2016-10-21,2,2016-10-31,NA,347.81ton,김포공항,임차,국제항공운송사업
대한항공,HL8046,B777F,2016-11-23,2,2016-12-19,NA,347.81ton,김포공항,임차,국제항공운송사업
대한항공,HL7639,B747-8F,2016-07-15,2,2016-12-29,NA,447.69ton,인천국제공항,임구,국제항공운송사업
대한항공,HL8081,B787-9,2017-01-25,2,2017-02-22,269,557000lbs,김포공항,임구,국제항공운송사업
대한항공,HL8082,B787-9,2017-03-30,2,2017-04-25,269,557000lbs,제주국제공항,임구,국제항공운송사업
대한항공,HL7642,B747-8,2017-03-19,2,2017-04-27,368,447.69ton,김포공항,임구,국제항공운송사업
대한항공,HL7643,B747-8,2017-04-28,2,2017-05-23,368,447.69ton,인천국제공항,구매,국제항공운송사업
대한항공,HL8083,B787-9,2017-06-27,1,2017-07-12,269,545000lbs,인천국제공항,임구,국제항공운송사업
대한항공,HL7644,B747-8,2017-06-23,1,2017-07-31,368,447.69ton,김포공항,구매,국제항공운송사업
대한항공,HL8084,B787-9,2017-08-29,1,2017-09-07,269,557000lbs,제주국제공항,임차,국제항공운송사업
대한항공,HL8077,B777F,2017-10-04,1,2017-10-16,NA,347.81ton,제주국제공항,임차,국제항공운송사업
대한항공,HL8085,B787-9,2017-12-09,1,2017-12-20,269,557000lbs,제주국제공항,임차,국제항공운송사업
대한항공,HL8092,BD500-1A11,2017-10-02,1,2017-12-22,127,67585kg,청주국제공항,임구,국제항공운송사업
대한항공,HL8093,BD500-1A11,2017-11-07,1,2017-12-29,127,67585kg,김포공항,임구,국제항공운송사업
대한항공,HL7202,B777-300ER,2018-01-16,1,2018-02-06,277,344.73ton,인천국제공항,임구,국제항공운송사업
대한항공,HL7200,BD500-1A11,2018-01-25,1,2018-03-13,127,67585kg,제주국제공항,임차,국제항공운송사업
대한항공,HL7203,B777-300ER,2018-02-06,1,2018-03-20,277,344.73ton,김포공항,구매,국제항공운송사업
대한항공,HL7201,BD500-1A11,2018-03-25,1,2018-03-29,127,67585kg,청주국제공항,임구,국제항공운송사업
대한항공,HL7204,B777-300ER,2018-03-10,1,2018-03-30,277,344.73ton,제주국제공항,구매,국제항공운송사업
대한항공,HL7205,B777-300ER,2018-05-19,1,2018-05-30,277,344.73ton,청주국제공항,임구,국제항공운송사업
대한항공,HL8313,BD500-1A11,2018-05-15,1,2018-05-31,127,67585kg,대구공항,임구,국제항공운송사업
대한항공,HL7206,B787-9,2018-05-22,1,2018-06-14,269,557000lbs,김포공항,임구,국제항공운송사업
대한항공,HL8311,BD500-1A11,2018-06-17,1,2018-07-09,127,67585kg,김포공항,임구,국제항공운송사업
대한항공,HL7207,B787-9,2018-07-13,0,2018-07-25,269,557000lbs,제주공항,구매,국제항공운송사업
대한항공,HL8312,BD500-1A11,2018-07-18,0,2018-08-10,127,67585kg,제주국제공항,임구,국제항공운송사업
대한항공,HL7208,B787-9,2018-09-09,0,2018-09-20,269,557000lbs,인천국제공항,임구,국제항공운송사업
대한항공,HL8314,BD500-1A11,2018-08-27,0,2018-09-28,127,67585kg,인천국제공항,임구,국제항공운송사업
대한항공,HL7209,B787-9,2018-12-12,0,2018-12-19,269,557000lbs,김포공항,임구,국제항공운송사업
대한항공,HL8315,BD500-1A11,2018-11-30,0,2018-12-20,127,67585kg,김포공항,임구,국제항공운송사업
대한항공,HL8091,BD500-1A11,2019-01-21,0,2019-02-28,127,67585kg,제주국제공항,임구,국제항공운송사업
대한항공,HL8345,B787-9,2019-02-19,0,2019-03-12,269,557000lbs,제주공항,임구,국제항공운송사업
대한항공,HL8346,B777-300ER,2019-04-21,0,2019-05-14,277,344.73ton,청주국제공항,구매,국제항공운송사업
대한항공,HL7502,C-560V,1995-05-23,24,1995-06-07,7,7.394ton,제주비행훈련원,구매,자가용
대한항공,HL7501,C-560V,1995-05-26,24,1995-06-22,9,7.394ton,제주비행훈련원,구매,자가용
대한항공,HL7503,C-560V,1995-06-23,24,1995-07-11,7,7.394ton,제주비행훈련원,구매,자가용
대한항공,HL7504,C-560V,1995-07-14,23,1995-08-07,7,7.394ton,제주비행훈련원,구매,자가용
대한항공,HL7550,A330-300,1997-01-29,22,1997-03-03,276,215.28ton,김포공항,구매,국제항공운송사업
대한항공,HL7530,B777-200,1997-01-31,22,1997-03-21,248,286.9ton,인천국제공항,구매,국제항공운송사업
대한항공,HL7531,B777-200,1997-02-14,22,1997-03-28,248,284.6ton,인천국제공항,구매,국제항공운송사업
대한항공,HL7551,A330-300,1997-04-28,22,1997-05-30,276,215.28ton,김포공항,구매,국제항공운송사업
대한항공,HL7461,B747-400,1997-05-26,22,1997-06-24,365,388.7ton,김해공항,구매,국제항공운송사업
대한항공,HL7524,A330-300,1998-05-06,21,1998-06-19,276,215.28ton,김포공항,구매,국제항공운송사업
대한항공,HL7525,A330-300,1998-05-12,21,1998-06-26,276,215.28ton,김포공항,구매,국제항공운송사업
대한항공,HL7538,A330-200,1998-07-10,20,1998-08-31,218,228.18ton,인천국제공항,임차,국제항공운송사업
대한항공,HL7539,A330-200,1998-08-21,20,1998-09-08,218,228.18ton,인천국제공항,임차,국제항공운송사업
대한항공,HL7540,A330-300,1998-11-12,20,1998-11-30,276,215.28ton,김포공항,구매,국제항공운송사업
대한항공,HL7526,B777-200,1998-05-28,21,1998-12-29,248,286.9ton,인천국제공항,구매,국제항공운송사업
대한항공,HL7402,B747-400,1998-04-05,21,1998-12-30,365,388.73ton,김포공항,구매,국제항공운송사업
대한항공,HL7552,A330-200,1999-02-09,20,1999-03-12,218,228.18ton,김해공항,임차,국제항공운송사업
대한항공,HL7553,A330-300,1999-04-16,20,1999-06-04,276,215.28ton,인천국제공항,구매,국제항공운송사업
대한항공,HL7532,B777-300,1998-08-13,20,1999-08-12,338,272.97ton,인천국제공항,구매,국제항공운송사업
대한항공,HL7533,B777-300,1998-10-21,20,1999-08-12,338,272.97ton,인천국제공항,구매,국제항공운송사업
대한항공,HL7554,A330-300,1999-01-04,20,1999-08-30,276,215.28ton,김포공항,구매,국제항공운송사업
대한항공,HL7534,B777-300,1998-01-04,21,1999-12-28,338,272.97ton,인천국제공항,구매,국제항공운송사업
동광지엔티,HL1076,TU-206G,1983-11-18,35,2004-08-25,6,1.633ton,김포공항,구매,항공기사용사업
동광지엔티,HL1277,T-206H,2002-05-22,17,2018-05-28,6,1710kg,김포공항,구매,항공기사용사업
문화방송,HL9228,BELL412-EP,1996-11-22,22,1996-11-22,9,5.397ton,김포공항,구매,자가용
미도지리정보,HL1139,T-206H,2010-06-15,9,2011-05-25,6,1723kg,김포공항,구매,항공기사용사업
범아엔지니어링,HL5112,C-208B,2005-05-26,14,2007-08-28,14,3.969ton,김포공항,임차,항공기사용사업
부산광역시,HL9454,BK117B-2,1997-04-23,22,2007-12-06,10,3.35ton,부산시 해운대,구매,자가용
부산광역시,HL9499,AW139,2018-02-06,1,2018-03-30,14,7000kg,부산시 해운대,구매,자가용
비행점검센터,HL7778,HAWKER 750,2011-12-07,7,2013-03-25,8,12247kg,김포공항,구매,자가용
비행점검센터,HL7577,CL-600-2B16,1995-06-13,24,1996-09-05,11,20.460ton,김포공항,구매,자가용
산림청,HL9176,BELL206L-3,1998-03-10,21,2007-11-29,7,1.882ton,충남 청양,구매,자가용
산림청,HL9177,BELL206L-3,1988-04-21,31,2007-11-29,7,1.882ton,경남 함양,구매,자가용
산림청,HL9178,BELL206L-3,1990-06-21,29,2007-11-29,7,1.882ton,충남 청양,구매,자가용
산림청,HL9179,BELL206L-3,1992-03-26,27,2007-11-29,7,1.882ton,경남 양산,구매,자가용
산림청,HL9180,BELL206L-3,1992-03-25,27,2007-11-29,7,1.882ton,경남 함양,구매,자가용
산림청,HL9181,AS-350B2,1992-11-12,26,2007-11-29,6,2.250ton,김포공항,구매,자가용
산림청,HL9183,AS-350B2,1993-02-12,26,2007-11-29,6,2.25ton,강릉,구매,자가용
산림청,HL9184,AS-350B2,2003-09-22,15,2007-11-29,6,2.25ton,울진비행장,구매,자가용
산림청,HL9409,KA-32T,1993-01-30,26,2007-11-29,18,11ton,충남 청양,구매,자가용
산림청,HL9410,KA-32T,1993-01-30,26,2007-11-29,18,11ton,경북안동,구매,자가용
산림청,HL9411,KA-32T,1995-03-02,24,2007-11-29,18,11ton,경남 함양,구매,자가용
산림청,HL9412,KA-32T,2005-03-02,14,2007-11-29,18,11ton,김포공항,구매,자가용
산림청,HL9414,KA-32T,1995-03-27,24,2007-11-29,18,11ton,강원도 원주시 태장동,구매,자가용
산림청,HL9415,KA-32T,1993-04-14,26,2007-11-29,18,11ton,경남 양산,구매,자가용
산림청,HL9416,KA-32T,1996-05-14,23,2007-11-29,18,11ton,경남 함양,구매,자가용
산림청,HL9417,KA-32T,1996-05-13,23,2007-11-29,18,11ton,충북 진천,구매,자가용
산림청,HL9418,KA-32T,1997-09-30,21,2007-11-29,18,11ton,전북 익산,구매,자가용
산림청,HL9419,KA-32T,1997-10-08,21,2007-11-29,18,11ton,김포공항,구매,자가용
산림청,HL9420,KA-32T,1997-10-08,21,2007-11-29,18,11ton,울진비행장,구매,자가용
산림청,HL9421,KA-32T,1997-12-02,21,2007-11-29,18,11ton,강릉,구매,자가용
산림청,HL9422,KA-32T,1997-12-17,21,2007-11-29,18,11ton,경북안동,구매,자가용
산림청,HL9423,KA-32T,1998-09-19,20,2007-11-29,18,11ton,원주,구매,자가용
산림청,HL9424,KA-32T,1999-01-01,20,2007-11-29,18,11ton,전남 영암,구매,자가용
산림청,HL9425,KA-32T,1999-01-06,20,2007-11-29,18,11ton,충남 청양,구매,자가용
산림청,HL9426,KA-32T,1999-09-25,19,2007-11-29,18,11ton,울진비행장,구매,자가용
산림청,HL9427,KA-32T,1999-09-26,19,2007-11-29,18,11ton,충북 진천,구매,자가용
산림청,HL9428,KA-32T,2000-09-20,18,2007-11-29,18,11ton,강릉,구매,자가용
산림청,HL9429,KA-32T,2000-09-29,18,2007-11-29,18,11ton,경남 양산,구매,자가용
산림청,HL9430,KA-32T,2001-10-29,17,2007-11-29,18,11ton,전남 영암,구매,자가용
산림청,HL9431,KA-32T,2001-12-21,17,2007-11-29,18,11ton,원주,구매,자가용
산림청,HL9432,KA-32T,2003-02-16,16,2007-11-29,18,11ton,경북안동,구매,자가용
산림청,HL9433,KA-32T,2003-02-22,16,2007-11-29,18,11ton,전북 익산,구매,자가용
산림청,HL9434,KA-32T,2004-12-05,14,2007-11-29,18,11ton,충북 진천,구매,자가용
산림청,HL9435,KA-32T,2005-10-04,13,2007-11-29,18,11ton,강릉,구매,자가용
산림청,HL9436,KA-32T,2006-03-28,13,2007-11-29,18,11ton,제주도,구매,자가용
산림청,HL9437,KA-32A,2006-11-29,12,2007-11-29,18,11ton,경남 함양,구매,자가용
산림청,HL9442,S-64E,2001-12-19,17,2007-11-29,5,19.051ton,경북안동,구매,자가용
산림청,HL9443,S-64E,2006-08-10,12,2007-11-29,5,64038ton,충북 진천,구매,자가용
산림청,HL9444,S-64E,2007-06-30,11,2007-11-29,5,19.051ton,전북 익산,구매,자가용
산림청,HL9481,KA-32A,2008-12-27,10,2009-01-20,16,11ton,김포공항,구매,자가용
산림청,HL9486,KA-32A,2009-12-10,9,2009-12-28,16,11ton,원주 산림항공관리본부,구매,자가용
산림청,HL9193,AS-350B2,2011-08-17,7,2011-09-26,6,2250kg,김포공항,구매,자가용
산림청,HL9608,BELL412SP,1987-10-31,31,2014-04-29,15,5397kg,원주,구매,자가용
산림청,HL9305,BELL206L-3,1991-04-30,28,2014-06-10,7,1882kg,경남 양산,구매,자가용
산림청,HL9306,BELL206L-3,1991-04-30,28,2014-06-10,7,1882kg,경남 양산,구매,자가용
산림항공본부,HL9632,KUH-1FS,2018-03-26,1,2018-04-05,12,8709kg,전남 영암,구매,자가용
산림항공본부,HL9650,S-64E,2018-06-25,0,2018-10-15,5,19051.2kg,원주,구매,자가용
삼부기술,HL1093,T-206H,2003-03-27,16,2004-12-18,6,1.724ton,김포공항,구매,항공기사용사업
삼성병원,HL9274,EC-155B1,2006-11-13,12,2006-12-14,6,4920kg,김포공항,구매,자가용
삼아항업,HL5116,C-208B,2005-04-07,14,2009-02-10,11,3969kg,김포공항,구매,항공기사용사업
삼주이엔지,HL9198,AS-350B2,1997-07-03,21,2012-01-20,6,2250kg,김해공항,구매,항공기사용사업
삼주이엔지,HL9308,AMT UH1H,1974-09-10,44,2016-07-21,13,4319kg,김해공항,구매,항공기사용사업
새한항업(주),HL5113,C-208B,2002-04-19,17,2007-10-01,11,4111kg,김포공항,구매,항공기사용사업
서**(833),HL1250,C23,1997-12-20,21,2015-10-13,4,1111kg,김포공항,구매,자가용
서**(834),HL1108,M20R,1995-05-27,24,2007-11-29,4,1.528ton,한서대학교 태안비행장,구매,자가용
서광항업(주),HL1113,T-206H,2003-08-20,15,2009-07-17,6,3800lbs,김포공항,구매,항공기사용사업
서울시,HL9186,BELL206L-3,1990-03-30,29,2007-11-23,7,1932kg,김포공항,구매,자가용
서울시,HL9447,AS-365N2,1997-07-10,21,2007-11-23,14,4.25ton,김포공항,구매,자가용
서울시,HL9448,AS-365N2,1999-10-16,19,2007-11-23,14,4.25ton,김포공항,구매,자가용
서울시,HL9639,AW189,2018-09-26,0,2018-12-30,18,8600kg,김포공항,구매,자가용
세진항공,HL9187,BELL206L-3,1991-04-30,28,2007-11-15,7,1882kg,한서대학교 태안비행장,구매,항공기사용사업
세진항공,HL9601,BO105 S,1986-02-13,33,2012-09-07,5,2500kg,한서대학교 태안비행장,구매,항공기사용사업
세진항공,HL9602,BO105 S,1971-09-21,47,2013-01-02,5,2500kg,한서대학교 태안비행장,구매,항공기사용사업
세진항공,HL9612,BO105 S,1997-05-09,22,2014-12-11,5,2500kg,한서대학교 태안비행장,구매,항공기사용사업
세진항공,HL9618,BO105 S,1971-09-28,47,2015-12-04,5,2500kg,한서대학교 태안비행장,구매,항공기사용사업
세진항공,HL9641,S-76A,1980-10-22,38,2017-11-13,14,4899kg,한서대학교 태안비행장,구매,항공기사용사업
세진항공,HL9642,S-76A,1981-08-21,37,2017-11-13,14,4899kg,한서대학교 태안비행장,구매,항공기사용사업
세진항공,HL9630,BO105 S,1994-06-10,25,2017-12-21,5,2500kg,한서대학교 태안비행장,구매,항공기사용사업
세진항공,HL9646,S-76B,1992-01-16,27,2018-10-13,14,5307kg,한서대학교 태안비행장,구매,항공기사용사업
세진항공,HL9647,S-76B,1993-04-27,26,2018-10-15,14,5307kg,한서대학교 태안비행장,구매,항공기사용사업
숭선학원,HL1184,SR20,2003-11-20,15,2014-03-10,4,1361kg,김포공항,구매,항공기사용사업
스타항공,HL9607,MI-2,1984-06-28,35,2013-08-27,9,3550kg,예천군 감천면,임차,항공기사용사업
스페이스,HL5241,PA-31T,1979-01-23,40,2018-09-11,7,9000lbs,김포공항,구매,항공기사용사업
신한항업,HL5117,C-208B,2005-04-18,14,2009-07-17,11,3.969ton,김포공항,구매,항공기사용사업
써니항공,HL1157,C-172R,1998-06-24,21,2012-02-03,4,2450lbs,무안공항,구매,항공기사용사업
써니항공,HL2043,DA 42,2007-11-01,11,2015-07-14,4,1785kg,김포공항,구매,항공기사용사업
써니항공,HL1249,C-172S,2006-10-23,12,2016-09-02,4,2550lbs,김포공항,구매,항공기사용사업
써니항공,HL2024,PA31-350,1978-06-20,41,1995-12-21,10,3.175ton,김포공항,구매,항공기사용사업
씨러스에비에이션,HL1263,SR22,2016-11-03,2,2016-12-12,4,1542kg,김포공항,구매,항공기사용사업
씨에이엠,HL1278,LAKE 250,1988-11-17,30,2018-01-12,6,3140lbs,김포공항,구매,자가용
씨웨스트항공,HL1104,Z142,1985-03-15,34,2007-05-29,2,1.09ton,한서대학교 태안비행장,구매,항공기사용사업
아리울항공교육원(유),HL1121,C-152,1978-08-14,40,2010-01-07,2,1670lbs,강원도 양양,구매,항공기사용사업
아세아항측,HL5114,C-208B,2007-07-19,11,2007-10-25,14,8750lbs,김포공항,구매,항공기사용사업
아시아나항공,HL7594,A321-100,2000-11-02,18,2000-11-15,200,78.0ton,대구공항,임차,국제항공운송사업
아시아나항공,HL7703,A321-100,2001-05-10,18,2001-06-13,200,78.0ton,광주공항,임차,국제항공운송사업
아시아나항공,HL7436,B747-400F,2002-05-01,17,2002-05-23,8,394.6ton,인천국제공항,임차,국제항공운송사업
아시아나항공,HL7700,B777-200,2002-05-08,17,2002-05-24,294,293.9ton,김포공항,임구,국제항공운송사업
아시아나항공,HL7732,B777-200,2004-05-20,15,2004-05-27,294,293.9ton,인천국제공항,임구,국제항공운송사업
아시아나항공,HL7736,A330-300,2004-11-10,14,2004-12-20,290,230ton,인천국제공항,임차,국제항공운송사업
아시아나항공,HL7737,A320-200,2005-03-01,14,2005-03-25,156,75.29ton,김포공항,임차,국제항공운송사업
아시아나항공,HL7738,A320-200,2005-05-27,14,2005-06-24,156,75.29ton,김해공항,임차,국제항공운송사업
아시아나항공,HL7740,A330-300,2005-05-31,14,2005-07-13,290,230ton,인천국제공항,임차,국제항공운송사업
아시아나항공,HL7739,B777-200,2005-07-12,13,2005-08-04,295,286.9ton,인천국제공항,구매,국제항공운송사업
아시아나항공,HL7741,A330-300,2005-11-12,13,2005-12-12,290,230ton,제주국제공항,임차,국제항공운송사업
아시아나항공,HL7746,A330-300,2006-06-02,13,2006-07-12,290,176ton,김포공항,임차,국제항공운송사업
아시아나항공,HL7747,A330-300,2006-11-15,12,2006-12-18,290,230ton,김해공항,임차,국제항공운송사업
아시아나항공,HL7755,B777-200,2007-06-14,12,2007-06-28,295,286.9ton,제주국제공항,임구,국제항공운송사업
아시아나항공,HL7754,A330-300,2007-06-20,12,2007-07-11,290,195ton,인천국제공항,임차,국제항공운송사업
아시아나항공,HL7756,B777-200,2007-08-20,11,2007-08-28,295,286.9ton,김포공항,임구,국제항공운송사업
아시아나항공,HL7769,A320-200,2008-02-22,11,2008-03-17,156,75.5ton,광주공항,임차,국제항공운송사업
아시아나항공,HL7772,A320-200,2008-04-11,11,2008-05-06,156,75.5ton,김해공항,임차,국제항공운송사업
아시아나항공,HL7773,A320-200,2008-04-30,11,2008-05-26,156,75.5ton,제주국제공항,임차,국제항공운송사업
아시아나항공,HL7776,A320-200,2008-09-23,10,2008-10-10,156,75.5ton,인천국제공항,임차,국제항공운송사업
아시아나항공,HL7775,B777-200,2008-11-14,10,2008-11-25,262,297.6ton,김포공항,임구,국제항공운송사업
아시아나항공,HL7792,A330-300,2009-03-05,10,2009-04-23,290,195ton,김포공항,임차,국제항공운송사업
아시아나항공,HL7788,A320-200,2009-04-03,10,2009-04-30,156,75.5ton,인천국제공항,임차,국제항공운송사업
아시아나항공,HL7793,A330-300,2009-09-10,9,2009-10-27,290,195ton,제주국제공항,임차,국제항공운송사업
아시아나항공,HL7791,B777-200,2010-03-08,9,2010-03-29,262,297.6ton,김포공항,임구,국제항공운송사업
아시아나항공,HL7794,A330-300,2010-08-31,8,2010-09-27,275,233ton,인천국제공항,임차,국제항공운송사업
아시아나항공,HL7616,B747-400F,2004-09-17,14,2010-12-17,8,397ton,인천국제공항,임차,국제항공운송사업
아시아나항공,HL8236,A321-200,2000-02-22,19,2011-01-31,195,89ton,김포공항,임차,국제항공운송사업
아시아나항공,HL7795,A330-300,2011-02-25,8,2011-03-23,275,233ton,제주국제공항,임차,국제항공운송사업
아시아나항공,HL8256,A321-200,2012-05-18,7,2012-05-25,171,89ton,제주국제공항,임차,국제항공운송사업
아시아나항공,HL7620,B747-400(BDSF),1999-09-07,19,2012-06-28,8,397ton,인천국제공항,임차,국제항공운송사업
아시아나항공,HL8257,A321-200,2012-06-23,6,2012-06-30,171,89ton,제주국제공항,임차,국제항공운송사업
아시아나항공,HL8258,A330-300,2012-06-11,7,2012-07-03,275,235ton,광주공항,임차,국제항공운송사업
아시아나항공,HL8254,B777-200,2012-06-19,7,2012-07-18,246,297.6ton,인천국제공항,임구,국제항공운송사업
아시아나항공,HL7618,B747-400(BDSF),1992-05-30,27,2012-08-20,6,397ton,인천국제공항,임차,국제항공운송사업
아시아나항공,HL8259,A330-300,2012-07-24,6,2012-09-12,275,235ton,인천국제공항,임차,국제항공운송사업
아시아나항공,HL8265,A321-200,2012-08-27,6,2012-09-12,171,89ton,인천국제공항,임차,국제항공운송사업
아시아나항공,HL8267,A321-200,2012-12-06,6,2012-12-13,171,89ton,인천국제공항,임차,국제항공운송사업
아시아나항공,HL8277,A321-200,2013-01-30,6,2013-02-06,171,89ton,인천국제공항,임차,국제항공운송사업
아시아나항공,HL8278,A321-200,2013-02-22,6,2013-03-11,171,89ton,제주국제공항,임차,국제항공운송사업
아시아나항공,HL8279,A321-200,2013-05-21,6,2013-06-03,171,89ton,인천국제공항,임차,국제항공운송사업
아시아나항공,HL8282,A330-300,2013-06-24,5,2013-07-15,290,230ton,인천국제공항,임차,국제항공운송사업
아시아나항공,HL8284,B777-200,2013-07-17,5,2013-07-26,246,297.6ton,김포공항,임차,국제항공운송사업
아시아나항공,HL8286,A330-300,2013-10-22,5,2013-11-13,290,230ton,김포공항,임차,국제항공운송사업
아시아나항공,HL8293,A330-300,2014-03-28,5,2014-04-17,290,230ton,김포공항,임차,국제항공운송사업
아시아나항공,HL7625,A380-800,2013-12-13,5,2014-05-28,495,569ton,인천국제공항,임구,국제항공운송사업
아시아나항공,HL7626,A380-800,2014-02-25,5,2014-07-24,495,569ton,인천국제공항,임구,국제항공운송사업
아시아나항공,HL8004,A321-200,2014-09-26,4,2014-10-01,171,89ton,제주국제공항,임차,국제항공운송사업
아시아나항공,HL8018,A321-200,2014-12-17,4,2014-12-22,171,89ton,제주국제공항,임차,국제항공운송사업
아시아나항공,HL7634,A380-800,2014-12-17,4,2015-05-07,495,569ton,인천국제공항,임구,국제항공운송사업
아시아나항공,HL7635,A380-800,2015-02-10,4,2015-06-08,495,569ton,인천국제공항,임구,국제항공운송사업
아시아나항공,HL8038,A321-200,2015-09-08,3,2015-09-17,171,89ton,김포공항,임차,국제항공운송사업
아시아나항공,HL8039,A321-200,2015-10-01,3,2015-10-07,171,89ton,김포공항,임차,국제항공운송사업
아시아나항공,HL8059,A321-200,2016-04-08,3,2016-04-18,171,89ton,김포공항,임차,국제항공운송사업
아시아나항공,HL8060,A321-200,2016-05-20,3,2016-05-30,171,89.0ton,김포공항,임차,국제항공운송사업
아시아나항공,HL8071,A321-200,2016-08-09,2,2016-08-17,171,89.0ton,김포공항,임차,국제항공운송사업
아시아나항공,HL7640,A380-800,2016-05-17,3,2016-10-25,495,569ton,김포공항,임구,국제항공운송사업
아시아나항공,HL8074,A321-200,2016-12-05,2,2016-12-08,171,89ton,인천국제공항,임차,국제항공운송사업
아시아나항공,HL7641,A380-800,2016-08-10,2,2016-12-22,495,569ton,인천국제공항,임구,국제항공운송사업
아시아나항공,HL8078,A350-900,2017-03-28,2,2017-04-24,311,268ton,인천국제공항,임차,국제항공운송사업
아시아나항공,HL8079,A350-900,2017-06-29,1,2017-07-19,311,268ton,김포공항,임차,국제항공운송사업
아시아나항공,HL7578,A350-900,2017-09-05,1,2017-09-26,311,268ton,김포공항,임차,국제항공운송사업
아시아나항공,HL7579,A350-900,2017-12-06,1,2017-12-27,311,268ton,김포공항,임차,국제항공운송사업
아시아나항공,HL7771,A350-900,2018-02-19,1,2018-04-10,311,275ton,김포공항,임차,국제항공운송사업
아시아나항공,HL8308,A350-900,2018-06-11,1,2018-07-03,311,275ton,인천국제공항,임차,국제항공운송사업
아시아나항공,HL8359,A350-900,2019-02-20,0,2019-04-01,311,275ton,김포공항,임차,국제항공운송사업
아시아나항공,HL8360,A350-900,2019-02-20,0,2019-04-16,311,275ton,인천국제공항,임차,국제항공운송사업
아시아나항공,HL7413,B747-400SF,1991-09-27,27,1991-11-01,8,394.6ton,김포공항,구매,국제항공운송사업
아시아나항공,HL7414,B747-400SF,1991-12-05,27,1992-01-07,8,394.6ton,김포공항,구매,국제항공운송사업
아시아나항공,HL7415,B747-400SF,1992-10-30,26,1992-12-03,8,396.8ton,김포공항,구매,국제항공운송사업
아시아나항공,HL7417,B747-400F,1993-11-08,25,1993-12-03,8,394.6ton,김포공항,구매,국제항공운송사업
아시아나항공,HL7247,B767-300,1993-11-02,25,1994-01-31,250,156.4ton,김포공항,구매,국제항공운송사업
아시아나항공,HL7418,B747-400,1994-06-23,25,1994-09-22,359,394.6ton,김포공항,구매,국제항공운송사업
아시아나항공,HL7419,B747-400F,1994-10-13,24,1994-11-04,8,394.6ton,김해공항,구매,국제항공운송사업
아시아나항공,HL7420,B747-400F,1995-06-14,24,1995-06-27,8,394.6ton,인천국제공항,구매,국제항공운송사업
아시아나항공,HL7248,B767-300,1995-06-07,24,1995-07-12,250,163.29ton,김포공항,구매,국제항공운송사업
아시아나항공,HL7421,B747-400,1996-08-07,22,1996-08-16,264,394.6ton,김포공항,임구,국제항공운송사업
아시아나항공,HL7507,B767-300F,1996-08-02,22,1996-08-23,6,186.8ton,김포공항,임구,국제항공운송사업
아시아나항공,HL7506,B767-300,1996-12-07,22,1996-12-19,250,156.4ton,김해공항,임구,국제항공운송사업
아시아나항공,HL7514,B767-300,1997-04-14,22,1997-04-22,250,156.4ton,김포공항,임구,국제항공운송사업
아시아나항공,HL7515,B767-300,1997-04-22,22,1997-05-23,250,156.4ton,김포공항,임구,국제항공운송사업
아시아나항공,HL7423,B747-400,1997-05-22,22,1997-05-30,264,394.6ton,김포공항,임구,국제항공운송사업
아시아나항공,HL7516,B767-300,1997-07-15,21,1997-07-17,250,156.4ton,김포공항,임구,국제항공운송사업
아시아나항공,HL7428,B747-400,1998-05-29,21,1999-06-18,359,394.6ton,김포공항,구매,국제항공운송사업
아시아나항공,HL7528,B767-300,1998-03-12,21,1999-09-30,250,156.4ton,광주공항,구매,국제항공운송사업
아시아조종사교육원,HL1191,C-172S,2002-04-11,17,2013-12-12,4,2550lbs,양양국제공항,구매,항공기사용사업
안**(1082),HL6141,R-44Ⅱ,2004-06-04,15,2004-09-13,4,1139kg,김포공항,구매,자가용
에스엔케이,HL5109,AT-502,1996-10-15,22,1996-12-24,1,4.263ton,김포공항,구매,항공기사용사업
에스오씨항공비행교육,HL1154,C-172P,1980-11-13,38,2012-01-06,4,2400lbs,김포공항,구매,항공기사용사업
에스오씨항공비행교육,HL1166,C-152,1997-08-19,21,2013-03-27,2,1670lbs,김포공항,구매,항공기사용사업
에스오씨항공비행교육,HL1239,C-172R,1998-10-05,20,2015-06-29,4,2450lbs,양양공항,구매,항공기사용사업
에스오씨항공비행교육,HL1279,LIBERTY XL-2,2008-07-29,10,2018-06-28,2,749.8kg,양양국제공항,구매,자가용
에어로피스,HL9286,BELL214ST,1984-05-25,35,2004-07-15,20,7.938ton,김포산업단지,임차,항공기사용사업
에어로피스,HL9170,AS-350B2,1994-01-17,25,2005-10-25,5,2250kg,김포산업단지,구매,항공기사용사업
에어로피스,HL9275,S-61N,1974-11-14,44,2006-10-30,39,9.299ton,김포산업단지,구매,항공기사용사업
에어로피스,HL9297,S-61N,1974-11-14,44,2006-10-30,39,9.979ton,김포산업단지,구매,항공기사용사업
에어로피스,HL9478,S-61N,1980-11-14,38,2008-11-14,39,9.977ton,김포산업단지,임차,항공기사용사업
에어로피스,HL9484,S-61N,1974-03-28,45,2009-11-06,39,9.299ton,김포산업단지,임차,항공기사용사업
에어로피스,HL9620,AS-365N2,1997-10-02,21,2016-12-02,13,4250kg,김포산업단지,구매,항공기사용사업
에어로피스,HL9243,BK117B-1,1989-09-19,29,1990-05-07,10,3.35ton,김포산업단지,임차,항공기사용사업
에어로피스,HL9135,MD-500N,1992-09-09,26,1996-11-25,5,1.52ton,김포산업단지,임차,항공기사용사업
에어부산,HL7711,A321-200,2001-11-27,17,2002-01-15,177,89.0ton,김해공항,임차,국제항공운송사업
에어부산,HL7713,A321-200,2002-04-25,17,2002-05-17,195,89.0ton,김해공항,임차,국제항공운송사업
에어부산,HL7722,A321-200,2003-08-22,15,2003-11-03,177,89.0ton,김해공항,임차,국제항공운송사업
에어부산,HL7723,A321-200,2003-10-13,15,2003-11-17,177,89.0ton,김해공항,임차,국제항공운송사업
에어부산,HL7729,A321-200,2004-01-08,15,2004-01-29,195,89.0ton,김해공항,임차,국제항공운송사업
에어부산,HL7730,A321-200,2004-04-20,15,2004-05-14,195,89.0ton,김해공항,임차,국제항공운송사업
에어부산,HL7731,A321-200,2004-06-01,15,2004-06-25,195,89.0ton,김해공항,임차,국제항공운송사업
에어부산,HL7735,A321-200,2004-08-30,14,2004-09-17,195,89.0ton,김해공항,임차,국제항공운송사업
에어부산,HL7744,A320-200,2006-05-30,13,2006-06-23,162,73.5ton,김해공항,임차,국제항공운송사업
에어부산,HL7745,A320-200,2006-06-29,12,2006-07-25,162,73.5ton,김해공항,임차,국제항공운송사업
에어부산,HL7753,A320-200,2006-10-19,12,2006-11-13,162,75.5ton,김해공항,임차,국제항공운송사업
에어부산,HL7761,A321-200,2000-05-09,19,2007-08-04,191,89.0ton,김해공항,임차,국제항공운송사업
에어부산,HL7763,A321-200,2007-10-30,11,2007-11-13,177,89.0ton,김해공항,임차,국제항공운송사업
에어부산,HL8213,A321-200,2003-05-07,16,2011-01-07,195,93ton,김해공항,임차,국제항공운송사업
에어부산,HL7712,A321-200,2002-01-24,17,2011-03-25,177,89.0ton,김해공항,임차,국제항공운송사업
에어부산,HL8055,A320-200,2006-03-14,13,2016-01-15,162,77.4ton,김해공항,임차,국제항공운송사업
에어부산,HL8065,A320-200,2005-04-04,14,2016-06-20,162,77.4ton,김해공항,임차,국제항공운송사업
에어부산,HL8066,A320-200,2005-04-13,14,2016-06-24,162,77.4ton,김해공항,임차,국제항공운송사업
에어부산,HL8072,A321-200,2006-11-02,12,2016-12-01,220,89ton,김해공항,임차,국제항공운송사업
에어부산,HL8073,A321-200,2006-10-26,12,2017-01-26,220,89ton,김해공항,임차,국제항공운송사업
에어부산,HL7210,A321-200,2017-07-12,1,2017-08-11,220,89ton,김해공항,임차,국제항공운송사업
에어부산,HL8099,A321-200,2017-10-20,1,2017-10-30,220,89ton,김해공항,임차,국제항공운송사업
에어부산,HL7211,A321-200,2017-10-11,1,2017-11-13,220,89ton,김해공항,임차,국제항공운송사업
에어부산,HL8309,A320-200,2012-01-12,7,2018-06-29,180,77ton,김해공항,임차,국제항공운송사업
에어부산,HL8328,A320-200,2012-02-17,7,2018-08-02,180,77ton,김해공항,임차,국제항공운송사업
에어부산,HL8365,A321-200,2009-04-20,10,2019-05-08,220,93ton,김해공항,임차,국제항공운송사업
에어서울,HL7789,A321-200,2009-11-19,9,2009-12-01,171,89ton,인천국제공항,임차,국제항공운송사업
에어서울,HL7790,A321-200,2009-12-14,9,2009-12-22,171,89ton,김포공항,임차,국제항공운송사업
에어서울,HL8255,A321-200,2012-02-02,7,2012-02-14,171,89ton,인천국제공항,임차,국제항공운송사업
에어서울,HL8266,A321-200,2012-10-16,6,2012-11-06,171,89ton,인천국제공항,임차,국제항공운송사업
에어서울,HL8280,A321-200,2013-09-02,5,2013-09-12,171,89ton,김포공항,임차,국제항공운송사업
에어서울,HL8281,A321-200,2013-09-18,5,2013-10-01,171,89ton,김포공항,임차,국제항공운송사업
에어서울,HL7212,A321-200,2017-11-23,1,2017-12-18,220,89ton,인천국제공항,임차,국제항공운송사업
에어인천,HL8271,B737-400,1991-06-14,28,2013-02-08,8,64636kg,인천국제공항,임차,국제항공운송사업
에어인천,HL8319,B767-300,1992-07-01,26,2018-04-05,6,412000lbs,인천국제공항,임차,국제항공운송사업
에어팰리스,HL9142,AS-350B2,1992-02-28,27,2000-05-13,6,2250kg,김포공항,구매,항공기사용사업
에어팰리스,HL9155,AS-350B2,2001-04-23,18,2003-01-09,6,2250kg,김포공항,구매,항공기사용사업
에어팰리스,HL9490,S-61N,1969-05-26,50,2010-06-30,25,20500lbs,김포공항,구매,항공기사용사업
에어팰리스,HL9645,S-61N,1975-02-28,44,2017-12-19,28,22000lbs,김포공항,구매,항공기사용사업
에어팰리스,HL9312,AS-350B2,1992-12-10,26,2018-11-20,6,2250kg,김포공항,구매,항공기사용사업
에어팰리스,HL9651,S-61N,1977-04-13,42,2018-11-22,28,20500lbs,김포공항,구매,항공기사용사업
에어팰리스,HL9214,BK117B-1,1994-08-16,24,1995-08-02,10,3.2ton,김포공항,구매,자가용
에어포항,HL8298,CL-600-2B19,2003-08-27,15,2018-01-08,50,23133kg,포항공항,구매,소형항공기운송사업
에어필립,HL8310,EMB-145EP,2001-04-11,18,2018-01-30,50,20990kg,무안공항,임차,소형항공기운송사업
에어필립,HL8320,EMB-145LR,2000-09-04,18,2018-10-01,50,22000kg,무안공항,임차,소형항공기운송사업
에어필립,HL8330,EMB-145LR,2018-12-18,0,2018-11-15,50,22000kg,무안공항,임차,소형항공기운송사업
에이스항공,HL5234,L410UVP-E20,2007-09-22,11,2007-12-04,21,6.6ton,김해공항,구매,자가용
에이스항공,HL9402,SW-4,2005-05-27,14,2008-02-26,5,1.8ton,김포공항,구매,자가용
엔에프에어 주식회사,HL1217,T-206H,2013-04-04,6,2015-04-07,6,3792lbs,제천,구매,항공기사용사업
오**(1172),HL1276,C-152,1982-09-02,36,2017-08-14,2,1670lbs,전남 영암군,구매,자가용
우리항공,HL9613,S-76B,1988-02-15,31,2015-03-16,2,11700lbs,김포산업단지,임차,자가용
우리항공,HL9634,S-76A++,1990-06-15,29,2016-12-28,14,4898kg,김포산업단지,구매,항공기사용사업
우리항공,HL9248,S-76B,1991-09-21,27,1991-09-21,14,5.307ton,김포산업단지,구매,항공기사용사업
우리항공,HL9250,S-76B,1993-06-05,26,1993-10-21,14,5.307ton,김포공항,구매,항공기사용사업
울산광역시,HL9407,KA-32T,2000-11-21,18,2007-12-05,18,11ton,울산광역시 울주군,구매,자가용
유비에어,HL9161,BELL206L-3,1987-03-05,32,2004-01-08,7,1.882ton,대전 헬리코리아 헬기장,구매,항공기사용사업
유비에어,HL9162,BELL206L-3,1986-03-21,33,2004-02-05,7,1.882ton,대전 헬리코리아 헬기장,구매,항공기사용사업
유비에어,HL9288,KA-32A,1992-02-10,27,2005-10-07,15,11ton,대전 헬리코리아 헬기장,구매,항공기사용사업
유비에어,HL9406,KA-32A,1986-09-30,32,2008-02-18,15,11ton,헬리코리아 헬기장,구매,항공기사용사업
유비에어,HL9197,B407,1996-11-30,22,2011-11-21,7,2267kg,대전 헬리코리아 헬기장,구매,항공기사용사업
유비에어,HL9304,H-369D,1979-05-01,40,2014-05-21,5,1360kg,헬리코리아 헬기장,구매,항공기사용사업
유비에어,HL9103,H-369D,1977-02-13,42,1977-07-30,5,1.519ton,김포공항,구매,항공기사용사업
유아이헬리제트,HL9165,BELL206L-3,1989-02-02,30,2004-12-13,6,1.927ton,예산 한벨헬기장,구매,항공기사용사업
유아이헬리제트,HL9290,KA-32A,1992-12-31,26,2006-09-26,16,12.7ton,예산 한벨헬기장,구매,항공기사용사업
유아이헬리제트,HL9295,KA-32A,1987-12-20,31,2007-01-16,16,12.7ton,예산 한벨헬기장,구매,항공기사용사업
유아이헬리제트,HL9307,BELL206L-4,1998-01-30,21,2015-01-27,7,2064kg,한벨 헬기장,구매,항공기사용사업
유아이헬리제트,HL9615,AW109SP,2015-12-16,3,2015-12-30,7,3175kg,충남 예산,구매,항공기사용사업
유아이헬리제트,HL9624,AW109SP,2016-03-27,3,2016-03-25,8,3175kg,충남 예산,구매,항공기사용사업
유아이헬리제트,HL9625,AW109SP,2016-05-13,3,2016-05-23,8,3175kg,충남 예산,구매,항공기사용사업
이**(1265),HL1102,P206E,2064-10-01,54,2006-05-23,6,1.633ton,김포공항,구매,자가용
이**(1265),HL1123,R172K,1978-03-08,41,2010-02-10,4,2550lbs,김포공항,구매,자가용
이스타항공,HL7567,B737-800,2001-06-03,18,2001-06-28,189,79ton,청주국제공항,임차,국제항공운송사업
이스타항공,HL8269,B737-800,2005-04-15,14,2012-07-04,189,79.015ton,김포공항,임차,국제항공운송사업
이스타항공,HL8023,B737-800,1998-07-29,20,2014-11-07,189,79015kg,군산공항,임차,국제항공운송사업
이스타항공,HL8029,B737-800,1998-09-30,20,2014-12-24,189,79.015ton,군산공항,임차,국제항공운송사업
이스타항공,HL8028,B737-800,2002-11-12,16,2015-01-26,189,70.534ton,군산공항,임차,국제항공운송사업
이스타항공,HL8035,B737-800,2004-05-14,15,2015-06-19,189,79.015ton,군산공항,임차,국제항공운송사업
이스타항공,HL8036,B737-800,2001-09-10,17,2015-06-26,189,79.015ton,군산공항,임차,국제항공운송사업
이스타항공,HL8048,B737-800,2006-12-21,12,2015-10-01,189,79015kg,군산공항,임차,국제항공운송사업
이스타항공,HL8052,B737-800,2011-12-30,7,2016-03-15,189,79.015ton,군산공항,임차,국제항공운송사업
이스타항공,HL8053,B737-800,2012-05-03,7,2016-04-08,189,79015kg,군산공항,임차,국제항공운송사업
이스타항공,HL8057,B737-800,2012-06-12,7,2016-06-09,189,79.015ton,청주국제공항,임차,국제항공운송사업
이스타항공,HL8058,B737-800,2012-09-19,6,2016-06-30,189,79015kg,청주국제공항,임차,국제항공운송사업
이스타항공,HL8096,B737-900ER,2007-06-12,12,2017-07-13,213,78.017ton,청주국제공항,임차,국제항공운송사업
이스타항공,HL8097,B737-900ER,2007-07-16,11,2017-10-26,213,78.017ton,청주국제공항,임차,국제항공운송사업
이스타항공,HL8231,B737-800,2005-05-12,14,2017-11-08,189,79.015ton,청주국제공항,임차,국제항공운송사업
이스타항공,HL8325,B737-800,2010-05-28,9,2018-06-03,189,79.015ton,청주국제공항,임차,국제항공운송사업
이스타항공,HL8342,B737-800,2010-10-27,8,2018-10-30,189,79015ton,청주국제공항,임차,국제항공운송사업
이스타항공,HL8343,B737-800,2010-12-03,8,2018-12-12,189,79ton,청주국제공항,임차,국제항공운송사업
이스타항공,HL8340,B737-8,2018-12-19,0,2018-12-19,189,82.2ton,청주국제공항,임차,국제항공운송사업
이스타항공,HL8341,B737-8,2018-12-29,0,2018-12-29,189,82.2ton,청주국제공항,임차,국제항공운송사업
이스타항공,HL8344,B737-800,2011-01-21,8,2019-02-27,189,79.015ton,김포공항,임차,국제항공운송사업
인천광역시,HL9408,BELL230,1995-02-01,24,2007-11-23,10,3.81ton,인천시 중구 운북동,구매,자가용
인천광역시,HL9277,AW139,2012-06-01,7,2013-03-04,14,6400kg,인천시 중구 운북동,구매,자가용
일현학원,HL2040,DA 42,2006-12-06,12,2014-11-11,4,1785kg,김포공항,구매,자가용
전라남도,HL9458,BK117B-2,1998-08-26,20,2007-12-05,10,3.35ton,전남 영암,구매,자가용
전라남도,HL9459,BELL430,2005-04-01,14,2007-12-05,8,4.2ton,전남 영암,구매,자가용
전라북도,HL9445,BK117B-2,1993-09-16,25,2007-12-05,10,3.35ton,완주,구매,자가용
제**(1297),HL1153,C-172S,2000-11-27,18,2011-12-19,4,2550lbs,무안공항,구매,항공기사용사업
제일항업,HL5111,C-208,2000-07-28,18,2000-11-16,10,3.628ton,김포공항,구매,항공기사용사업
제주소방안전본부,HL9633,KUH-1EM,2018-03-26,1,2018-04-06,12,8709kg,제주소방안전본부,,자가용
제주항공,HL7780,B737-800,2000-01-29,19,2008-07-20,189,79.015ton,제주국제공항,임차,국제항공운송사업
제주항공,HL8206,B737-800,2001-03-02,18,2009-09-29,186,79.015ton,제주국제공항,임차,국제항공운송사업
제주항공,HL8234,B737-800,2002-11-14,16,2010-11-19,189,79.015ton,제주국제공항,임차,국제항공운송사업
제주항공,HL8239,B737-800,2001-05-01,18,2011-06-16,189,79.000ton,제주국제공항,임차,국제항공운송사업
제주항공,HL8260,B737-800,2002-03-16,17,2012-03-15,186,79.015ton,제주국제공항,임차,국제항공운송사업
제주항공,HL8261,B737-800,2002-07-26,16,2012-09-17,186,79.015ton,제주국제공항,임차,국제항공운송사업
제주항공,HL8287,B737-800,2004-01-30,15,2013-06-03,189,79015kg,제주국제공항,임차,국제항공운송사업
제주항공,HL8295,B737-800,2006-02-08,13,2014-02-06,186,79015kg,제주국제공항,임차,국제항공운송사업
제주항공,HL8297,B737-800,2004-05-04,15,2014-03-14,186,79015kg,제주국제공항,임차,국제항공운송사업
제주항공,HL8296,B737-800,2004-03-01,15,2014-04-04,186,79015kg,제주국제공항,임차,국제항공운송사업
제주항공,HL8019,B737-800,2006-05-19,13,2014-06-27,189,79.015ton,제주국제공항,임차,국제항공운송사업
제주항공,HL8020,B737-800,2006-12-12,12,2014-12-01,189,79015kg,제주국제공항,임차,국제항공운송사업
제주항공,HL8031,B737-800,2010-12-10,8,2015-02-12,189,79015kg,제주국제공항,임차,국제항공운송사업
제주항공,HL8032,B737-800,2010-03-10,9,2015-03-31,186,70987kg,제주국제공항,임차,국제항공운송사업
제주항공,HL8034,B737-800,2011-10-10,7,2015-04-10,189,79015kg,제주국제공항,임차,국제항공운송사업
제주항공,HL8033,B737-800,2006-12-12,12,2015-05-19,189,79015kg,제주국제공항,임차,국제항공운송사업
제주항공,HL8049,B737-800,2008-04-10,11,2015-11-13,189,79015kg,제주국제공항,임차,국제항공운송사업
제주항공,HL8050,B737-800,2008-04-10,11,2015-11-27,189,79105kg,제주국제공항,임차,국제항공운송사업
제주항공,HL8051,B737-800,2008-04-17,11,2015-12-14,189,79015kg,제주국제공항,임차,국제항공운송사업
제주항공,HL8061,B737-800,2008-12-02,10,2016-02-11,189,74990kg,제주국제공항,임차,국제항공운송사업
제주항공,HL8062,B737-800,2008-12-19,10,2016-04-04,189,79015kg,제주국제공항,임차,국제항공운송사업
제주항공,HL8063,B737-800,2009-01-21,10,2016-04-18,189,79015kg,제주국제공항,임차,국제항공운송사업
제주항공,HL8064,B737-800,2009-05-06,10,2016-07-04,189,79015kg,제주국제공항,임차,국제항공운송사업
제주항공,HL8087,B737-800,2009-11-05,9,2016-12-09,189,79015kg,제주공항,임차,국제항공운송사업
제주항공,HL8088,B737-800,2009-09-04,9,2017-02-03,189,79015kg,제주국제공항,임차,국제항공운송사업
제주항공,HL8090,B737-800,2009-07-24,9,2017-03-24,189,79015kg,제주국제공항,임차,국제항공운송사업
제주항공,HL8089,B737-800,2009-09-11,9,2017-04-21,189,79015kg,제주국제공항,임차,국제항공운송사업
제주항공,HL7213,B737-800,2009-09-02,9,2017-09-18,189,78999kg,제주국제공항,임차,국제항공운송사업
제주항공,HL8301,B737-800,2007-06-08,12,2017-12-18,189,79000kg,제주국제공항,임차,국제항공운송사업
제주항공,HL8304,B737-800,2010-03-03,9,2018-02-26,189,78999kg,제주국제공항,임차,국제항공운송사업
제주항공,HL8303,B737-800,2005-06-23,14,2018-04-11,189,79000kg,제주국제공항,임차,국제항공운송사업
제주항공,HL8302,B737-800,2005-05-02,14,2018-05-04,189,79000kg,제주국제공항,임차,국제항공운송사업
제주항공,HL8316,B737-800,2018-07-17,0,2018-07-17,189,79000kg,제주국제공항,구매,국제항공운송사업
제주항공,HL8305,B737-800,2010-08-11,8,2018-07-30,189,79000kg,제주국제공항,임차,국제항공운송사업
제주항공,HL8317,B737-800,2018-08-21,0,2018-08-21,189,79000kg,제주국제공항,구매,국제항공운송사업
제주항공,HL8318,B737-800,2018-10-16,0,2018-10-16,189,79000kg,제주국제공항,임구,국제항공운송사업
제주항공,HL8331,B737-800,2011-09-29,7,2018-11-06,189,79000kg,제주국제공항,임차,국제항공운송사업
제주항공,HL8321,B737-800,2007-01-23,12,2018-12-21,189,79000kg,제주국제공항,임차,국제항공운송사업
제주항공,HL8332,B737-800,2011-12-19,7,2019-01-29,189,79000kg,제주국제공항,임차,국제항공운송사업
제주항공,HL8322,B737-800,2007-02-21,12,2019-02-15,189,79000kg,제주국제공항,임차,국제항공운송사업
제주항공,HL8333,B737-800,2012-05-21,7,2019-04-16,189,79000kg,제주국제공항,임차,국제항공운송사업
제주항공,HL8334,B737-800,2012-06-11,7,2019-05-03,189,79000kg,제주국제공항,임차,국제항공운송사업
제주항공,HL8337,B737-800,2011-04-19,8,2019-06-06,189,79000kg,제주국제공항,임차,국제항공운송사업
주식회사 신한에어,HL5120,C-208B,2011-06-29,7,2016-04-12,10,8750lbs,무안공항,구매,소형항공기운송사업
중앙119구조본부,HL9451,AS-365N2,1997-01-24,22,2007-12-05,14,4.25ton,경기도 남양주,구매,자가용
중앙119구조본부,HL9452,AS-365N2,1999-12-10,19,2007-12-05,14,4.25ton,대구 달성군,구매,자가용
중앙119구조본부,HL9472,EC 225,2008-12-16,10,2009-01-20,28,11ton,경기도 남양주,구매,자가용
중앙119구조본부,HL9619,EC225LP,2015-12-18,3,2016-03-15,27,11000kg,대구 구지면 구지서로,구매,자가용
중앙항업,HL5115,C-208B,2008-05-26,11,2008-12-24,11,3.969ton,김포공항,구매,항공기사용사업
중앙항업,HL1114,T-206H,2008-06-18,11,2009-09-22,6,3800lbs,김포공항,구매,항공기사용사업
중원대학교,HL1231,C-172S,2005-06-15,14,2015-12-01,4,2550lbs,무안공항,구매,자가용
중원대학교,HL1232,C-172S,2005-06-16,14,2015-12-01,4,2550lbs,무안공항,구매,자가용
중원대학교,HL1233,C-172S,2007-05-24,12,2015-12-01,4,2550lbs,무안공항,구매,자가용
중원대학교,HL1273,C-172S,2017-06-05,2,2017-09-04,4,2550lbs,무안공항,구매,자가용
진에어,HL7555,B737-800,1999-12-09,19,2000-01-20,189,79ton,인천국제공항,임차,국제항공운송사업
진에어,HL7556,B737-800,2000-01-14,19,2000-02-22,189,79015kg,제주국제공항,임차,국제항공운송사업
진에어,HL7557,B737-800,2000-04-25,19,2000-05-26,189,79ton,김포공항,임차,국제항공운송사업
진에어,HL7558,B737-800,2000-05-27,19,2000-06-14,189,79015kg,김포공항,임차,국제항공운송사업
진에어,HL7559,B737-800,2000-06-23,19,2000-07-20,189,79ton,김포공항,임차,국제항공운송사업
진에어,HL7561,B737-800,2000-08-28,18,2000-09-22,189,79ton,인천국제공항,임차,국제항공운송사업
진에어,HL7562,B737-800,2000-09-15,18,2000-10-11,189,79ton,인천국제공항,임차,국제항공운송사업
진에어,HL7563,B737-800,2001-01-02,18,2001-01-29,189,79ton,김포공항,임차,국제항공운송사업
진에어,HL7564,B737-800,2001-01-13,18,2001-02-08,189,79ton,인천국제공항,임차,국제항공운송사업
진에어,HL7565,B737-800,2001-04-26,18,2001-05-22,189,78.997ton,김포공항,임차,국제항공운송사업
진에어,HL7733,B777-200,2005-05-09,14,2005-06-29,393,292.56ton,인천국제공항,임차,국제항공운송사업
진에어,HL7734,B777-200,2005-07-06,13,2005-07-28,393,292.56ton,인천국제공항,임차,국제항공운송사업
진에어,HL7743,B777-200,2006-08-03,12,2006-08-29,393,292.56ton,인천국제공항,임차,국제항공운송사업
진에어,HL7750,B777-200,2007-05-09,12,2007-05-10,393,292.56ton,김포공항,임차,국제항공운송사업
진에어,HL7786,B737-800,2009-06-18,10,2009-07-15,147,79ton,김포공항,임차,국제항공운송사업
진에어,HL8224,B737-800,2011-06-25,7,2011-07-19,138,74.4ton,제주국제공항,임차,국제항공운송사업
진에어,HL8225,B737-800,2011-10-05,7,2011-11-07,138,74.4ton,인천국제공항,임차,국제항공운송사업
진에어,HL8242,B737-800,2011-12-19,7,2012-01-23,138,79ton,청주국제공항,임차,국제항공운송사업
진에어,HL8243,B737-800,2012-01-31,7,2012-02-17,138,79ton,청주국제공항,임차,국제항공운송사업
진에어,HL8244,B737-800,2012-02-13,7,2012-03-02,138,79ton,청주국제공항,임차,국제항공운송사업
진에어,HL8012,B737-800,2015-07-14,3,2015-07-27,189,79ton,김포공항,임차,국제항공운송사업
진에어,HL8013,B737-800,2015-08-31,3,2015-09-11,189,79ton,김포공항,임차,국제항공운송사업
진에어,HL8015,B737-800,2015-09-30,3,2015-10-13,189,79.0ton,김포공항,임차,국제항공운송사업
진에어,HL8014,B737-800,2015-10-12,3,2015-10-23,189,79.0ton,김포공항,임차,국제항공운송사업
진에어,HL8016,B737-800,2016-03-05,3,2016-03-18,189,79ton,김포공항,임차,국제항공운송사업
진에어,HL8017,B737-800,2016-06-19,3,2016-06-29,189,79.0ton,청주국제공항,임차,국제항공운송사업
창운항공,HL9156,H-369D,1981-06-03,38,2003-01-18,5,1.36ton,김포공항,구매,항공기사용사업
천우항공,HL1267,T-206H,1999-05-24,20,2018-07-03,6,1633kg,고흥만 경비행고흥만 ,구매,항공기사용사업
첨단공간정보,HL1004,TU-206G,1980-10-08,38,1998-10-27,3,1.633ton,김포공항,구매,항공기사용사업
초당학원,HL1188,DA 40 NG,2014-02-19,5,2014-06-18,4,2822lbs,무안공항,구매,자가용
초당학원,HL1189,DA 40 NG,2014-02-19,5,2014-06-18,4,2822lbs,무안공항,구매,자가용
초당학원,HL1190,DA 40 NG,2014-03-11,5,2014-06-18,4,2822lbs,무안공항,구매,자가용
초당학원,HL1226,DA 40 NG,2015-02-23,4,2015-06-17,4,2822lbs,무안공항,구매,자가용
초당학원,HL1227,DA 40 NG,2015-03-03,4,2015-06-17,4,2822lbs,무안공항,구매,자가용
초당학원,HL1228,DA 40 NG,2015-03-17,4,2015-06-17,4,2822lbs,무안공항,구매,자가용
초당학원,HL1229,DA 40 NG,2015-03-17,4,2015-06-17,4,2822lbs,무안공항,구매,자가용
초당학원,HL2041,DA 42 NG,2015-05-13,4,2015-07-13,4,1900kg,무안공항,구매,자가용
초당학원,HL1264,DA 40 NG,2017-03-23,2,2017-07-07,4,1310kg,무안공항,구매,자가용
초당학원,HL1265,DA 40 NG,2017-03-23,2,2017-07-07,4,1310kg,무안공항,구매,자가용
초당학원,HL1266,DA-40NG,2017-03-22,2,2017-07-07,4,1310kg,무안공항,구매,자가용
충청남도,HL9611,AW139,2015-06-05,4,2015-11-09,14,6400kg,한서대학교 태안비행장,구매,자가용
충청북도,HL9457,BK117C-2,2004-10-30,14,2007-11-23,10,3.585ton,청주시 17전투비행단,구매,자가용
케이바스,HL1115,A188B,1974-07-09,44,2010-03-25,1,1.814ton,김포공항,구매,항공기사용사업
케이바스,HL2036,CL-215-1A10,1987-04-23,32,2011-12-19,3,19731kg,사천공항,구매,항공기사용사업
코리아익스프레스에어,HL9293,BK117,1984-02-09,35,2006-08-11,8,2.850ton,김포공항,구매,소형항공기운송사업
코리아익스프레스에어,HL8054,EMB-145EP,1998-06-24,21,2015-12-10,50,20990kg,양양국제공항,임차,소형항공기운송사업
코리아익스프레스에어,HL8094,EMB-145EP,1999-10-22,19,2017-02-08,50,20990kg,강원도 양양,임차,소형항공기운송사업
코리아익스프레스에어,HL8358,EMB-145LR,2000-11-24,18,2019-01-04,50,22000kg,무안공항,임차,소형항공기운송사업
터보라인(주),HL1103,C-172M,1980-11-14,38,2006-05-23,4,2300lbs,양양공항,구매,항공기사용사업
트랜스헬리,HL9621,S-58HT,2062-02-01,57,2016-01-14,18,12500lbs,전북임실관촌,구매,항공기사용사업
트랜스헬리,HL9629,S-58JT,1977-02-01,42,2016-12-09,18,12500lbs,전북임실관촌,구매,항공기사용사업
트랜스헬리,HL9238,S-58JT,1980-02-07,39,1988-10-19,14,5.67ton,전북임실관촌,구매,항공기사용사업
티웨이항공,HL8235,B737-800,2010-08-31,8,2010-09-09,189,70.533ton,김포공항,임차,국제항공운송사업
티웨이항공,HL8237,B737-800,2003-03-13,16,2011-01-21,189,79.015ton,제주국제공항,임차,국제항공운송사업
티웨이항공,HL8253,B737-800,1998-05-10,21,2011-08-09,186,78.244ton,제주국제공항,임차,국제항공운송사업
티웨이항공,HL8268,B737-800,2003-06-09,16,2012-05-25,189,79.017ton,인천국제공항,임차,국제항공운송사업
티웨이항공,HL8294,B737-800,2004-03-21,15,2013-09-30,189,79.015ton,제주국제공항,임차,국제항공운송사업
티웨이항공,HL8000,B737-800,2006-01-29,13,2014-03-04,189,79015kg,대구공항,임차,국제항공운송사업
티웨이항공,HL8021,B737-800,2006-12-06,12,2014-07-18,189,70.987ton,인천국제공항,임차,국제항공운송사업
티웨이항공,HL8024,B737-800,2010-09-08,8,2014-12-16,189,79015kg,광주공항,임차,국제항공운송사업
티웨이항공,HL8030,B737-800,2015-03-04,4,2015-03-05,189,79015kg,김포공항,임차,국제항공운송사업
티웨이항공,HL8047,B737-800,2007-10-22,11,2015-09-25,189,79015kg,김포공항,임차,국제항공운송사업
티웨이항공,HL8056,B737-800,2008-04-17,11,2015-12-10,189,79015kg,인천국제공항,임차,국제항공운송사업
티웨이항공,HL8067,B737-800,2008-06-27,10,2016-03-24,189,79015kg,대구공항,임구,국제항공운송사업
티웨이항공,HL8069,B737-800,2009-03-31,10,2016-04-29,189,78999kg,김포공항,임차,국제항공운송사업
티웨이항공,HL8070,B737-800,2009-06-30,9,2016-07-08,189,78999kg,인천국제공항,임차,국제항공운송사업
티웨이항공,HL8086,B737-800,2011-01-28,8,2016-12-13,189,79015kg,대구공항,임차,국제항공운송사업
티웨이항공,HL8098,B737-800,2009-07-20,9,2017-06-12,189,79015kg,대구공항,임차,국제항공운송사업
티웨이항공,HL8220,B737-800,2009-05-27,10,2017-06-29,189,79015kg,대구공항,임차,국제항공운송사업
티웨이항공,HL8095,B737-800,2017-06-15,2,2017-07-05,189,79015kg,김포공항,임차,국제항공운송사업
티웨이항공,HL8300,B737-800,2017-12-15,1,2017-12-15,189,78999kg,김포공항,임차,국제항공운송사업
티웨이항공,HL8306,B737-800,2011-02-09,8,2018-04-18,189,78999kg,대구공항,임차,국제항공운송사업
티웨이항공,HL8323,B737-800,2011-09-26,7,2018-10-15,189,78999kg,김포공항,임차,국제항공운송사업
티웨이항공,HL8326,B737-800,2011-09-26,7,2018-10-30,189,78999kg,김포공항,임차,국제항공운송사업
티웨이항공,HL8324,B737-800,2011-09-20,7,2018-11-07,189,78999kg,김포공항,임차,국제항공운송사업
티웨이항공,HL8327,B737-800,2010-11-05,8,2018-12-26,189,78999kg,인천국제공항,임차,국제항공운송사업
티웨이항공,HL8329,B737-800,2010-11-12,8,2019-01-09,189,79015kg,인천국제공항,임차,국제항공운송사업
티웨이항공,HL8363,B737-800,2007-01-17,12,2019-03-29,189,78999kg,김포공항,임차,국제항공운송사업
티웨이항공,HL8354,B737-800,2011-06-03,8,2019-05-08,189,78999kg,무안공항,임차,국제항공운송사업
티티엠코리아항공,HL1074,C-172P,1986-06-06,33,2000-08-18,4,1.08ton,고창비행장,구매,항공기사용사업
티티엠코리아항공,HL1192,C-172P,1980-06-10,39,2013-12-10,4,2400lbs,김포공항,구매,항공기사용사업
펄코리아,HL9480,MI-2,1986-03-28,33,2008-12-29,9,3.55ton,김포공항,구매,항공기사용사업
포스코,HL9266,S-76C,2001-08-31,17,2001-09-21,12,5.307ton,포항제철 헬리포트,구매,자가용
포스코,HL9291,S-76C,2006-07-20,12,2006-07-20,12,5.307ton,김포공항,구매,자가용
플라잉타이거즈,HL1137,PA-25-235,1974-07-30,44,2010-07-27,1,1.315ton,전남 영암군,구매,항공기사용사업
하나항공,HL1105,T-207A,1981-10-08,37,2007-04-20,8,"3,800lbs",김포공항,구매,항공기사용사업
하나항공,HL9477,AS-355F1,1994-08-04,24,2008-10-17,7,2.6ton,김포공항,구매,항공기사용사업
하이에어,HL5243,ATR 72,2009-04-20,10,2019-05-23,50,23000kg,울산공항,구매,소형항공기운송사업
학교법인 일현학원,HL1280,C-172S,2000-10-11,18,2018-09-19,4,2550lbs,한서대학교 태안비행장,구매,자가용
학교법인 청석학원,HL1176,DA 40 NG,2013-10-22,5,2014-01-22,4,1280kg,청주국제공항,구매,자가용
학교법인 청석학원,HL1177,DA 40 NG,2013-10-28,5,2014-01-22,4,1280kg,청주국제공항,구매,자가용
학교법인 청석학원,HL1178,DA 40 NG,2013-10-23,5,2014-01-22,4,1280kg,청주국제공항,구매,자가용
학교법인 청석학원,HL1179,DA 40 NG,2013-11-06,5,2014-01-22,4,1280kg,청주국제공항,구매,자가용
학교법인 청석학원,HL1251,DA-40NG,2015-09-30,3,2016-02-29,4,1280kg,무안공항,구매,자가용
학교법인 청석학원,HL1252,DA-40NG,2015-10-01,3,2016-02-29,4,1280kg,무안공항,구매,자가용
학교법인 청석학원,HL1253,DA-40NG,2015-10-13,3,2016-02-29,4,1280kg,무안공항,구매,자가용
학교법인 청석학원,HL1254,DA-40NG,2015-10-21,3,2016-02-29,4,1280kg,무안공항,구매,자가용
학교법인 청석학원,HL2046,DA 42,2016-11-10,2,2017-05-11,4,1999kg,무안공항,구매,자가용
학교법인 함주학원,HL6142,ENSTROM 280FX,2005-09-14,13,2005-11-04,3,2600lbs,한서대학교 태안비행장,구매,자가용
학교법인 함주학원,HL1095,C-172S,2005-12-22,13,2006-04-07,4,2550lbs,한서대학교 태안비행장,구매,자가용
학교법인 함주학원,HL1096,C-172S,2005-12-22,13,2006-04-07,4,1.157ton,한서대학교 태안비행장,구매,자가용
학교법인 함주학원,HL1097,C-172S,2005-12-21,13,2006-04-07,4,2550lbs,한서대학교 태안비행장,구매,자가용
학교법인 함주학원,HL1101,C-172S,2006-05-08,13,2006-07-18,4,1.157ton,한서대학교 태안비행장,구매,자가용
학교법인 함주학원,HL9175,ENSTROM 480B,2006-12-12,12,2006-12-12,5,1.361ton,한서대학교 태안비행장,구매,자가용
학교법인 함주학원,HL5231,BEECH 1900D,1998-04-22,21,2007-03-23,19,7.7ton,김포공항,구매,자가용
학교법인 함주학원,HL1083,C-172S,2008-07-11,10,2008-10-15,4,1.157ton,한서대학교 태안비행장,구매,자가용
학교법인 함주학원,HL1084,C-172S,2008-07-11,10,2008-10-15,4,1.157ton,한서대학교 태안비행장,구매,자가용
학교법인 함주학원,HL1085,C-172S,2008-07-14,10,2008-10-15,4,1157kg,한서대학교 태안비행장,구매,자가용
학교법인 함주학원,HL1109,C-172S,2008-07-14,10,2008-10-15,4,1.157ton,한서대학교 태안비행장,구매,자가용
학교법인 함주학원,HL8283,C525,2009-05-20,10,2009-07-30,8,10700lbs,한서대학교 태안비행장,구매,자가용
학교법인 함주학원,HL9488,BELL412SP,1989-08-28,29,2010-05-26,13,5.398ton,한서대학교 태안비행장,구매,자가용
학교법인 함주학원,HL1125,C-172S,2008-03-06,11,2010-06-09,4,2550lbs,한서대학교 태안비행장,구매,자가용
학교법인 함주학원,HL1128,C-172S,2007-05-16,12,2010-06-09,4,2550lbs,한서대학교 태안비행장,구매,자가용
학교법인 함주학원,HL1124,C-172S,2008-03-06,11,2010-06-30,4,2550lbs,한서대학교 태안비행장,구매,자가용
학교법인 함주학원,HL1126,C-172S,2007-05-24,12,2010-06-30,4,2550lbs,한서대학교 태안비행장,구매,자가용
학교법인 함주학원,HL2031,PA44-180,2010-01-15,9,2010-07-07,4,3800lbs,한서대학교 태안비행장,구매,자가용
학교법인 함주학원,HL2032,PA44-180,2010-01-12,9,2010-07-07,4,3800lbs,한서대학교 태안비행장,구매,자가용
학교법인 함주학원,HL5238,BEECH 1900D,1996-06-25,23,2010-07-13,18,7.7ton,한서대학교 태안비행장,구매,자가용
학교법인 함주학원,HL1142,C-172S,2008-03-08,11,2011-03-22,4,2550lbs,한서대학교 태안비행장,구매,자가용
학교법인 함주학원,HL1143,C-172S,2008-03-08,11,2011-03-22,4,2550lbs,한서대학교 태안비행장,구매,자가용
학교법인 함주학원,HL1152,C-172S,2011-11-14,7,2012-02-15,4,1157kg,한서대학교 태안비행장,구매,자가용
학교법인 함주학원,HL1159,EA 300/LT,2012-05-21,7,2012-10-04,2,950kg,한서대학교 태안비행장,구매,자가용
학교법인 함주학원,HL0306,ASK 21,2012-12-19,6,2013-05-06,2,600kg,한서대학교 태안비행장,구매,자가용
학교법인 함주학원,HL1169,C-172S,2007-10-18,11,2013-10-25,4,1157kg,한서대학교 태안비행장,구매,자가용
학교법인 함주학원,HL1170,C-172S,2007-12-13,11,2013-10-25,4,1157kg,한서대학교 태안비행장,구매,자가용
학교법인 함주학원,HL1186,C-172S,2013-02-20,6,2014-01-21,4,1156kg,한서대학교 태안비행장,구매,자가용
학교법인 함주학원,HL1198,C-172S,2014-05-20,5,2014-07-23,4,1157kg,한서대학교 태안비행장,구매,자가용
학교법인 함주학원,HL1268,C-172S,2018-05-10,1,2018-11-13,4,1157kg,한서대학교 태안비행장,구매,자가용
학교법인 함주학원,HL1269,C-172S,2018-05-10,1,2018-11-13,4,1157kg,충남태안 비행장,구매,자가용
학교법인 함주학원,HL1270,C-172S,2018-05-10,1,2018-11-13,4,1157kg,한서대학교 태안비행장,구매,자가용
학교법인 함주학원,HL1271,C-172S,2018-05-10,1,2018-11-13,4,1157kg,한서대학교 태안비행장,구매,자가용
학교법인 함주학원,HL1272,C-172S,2018-05-10,1,2018-11-13,4,1157kg,한서대학교 태안비행장,구매,자가용
한국공항공사,HL8219,C-525,2017-03-03,2,2017-03-21,5,4853kg,울진비행장,구매,항공기사용사업
한국교통대학교,HL1195,SR20,2014-02-11,5,2014-03-28,4,1361kg,청주국제공항,구매,자가용
한국교통대학교,HL1207,SR20,2014-06-30,4,2014-09-03,4,1361kg,무안공항,구매,자가용
한국교통대학교,HL1208,SR20,2014-06-30,4,2014-09-03,4,1361kg,무안공항,구매,자가용
한국교통대학교,HL1209,SR20,2014-06-30,4,2014-09-03,4,1361kg,무안공항,구매,자가용
한국교통대학교,HL1258,SR20,2015-09-30,3,2015-12-03,4,1361kg,무안공항,구매,자가용
한국방송공사,HL9278,BELL430,2005-08-01,13,2006-07-06,8,4218kg,김포공항,구매,자가용
한국소아링협회,HL0305,K-8B,2066-10-06,52,2002-06-27,2,0.31ton,수색비행장,구매,자가용
한국에스지티,HL5119,C-208B,2006-03-03,13,2009-12-15,11,4.127ton,김포공항,구매,항공기사용사업
한국항공,HL1138,C-172S,2001-11-14,17,2010-12-29,4,2550lbs,청주국제공항,구매,항공기사용사업
한국항공,HL1181,C-172S,2001-05-03,18,2013-10-11,4,2550lbs,청주국제공항,구매,항공기사용사업
한국항공,HL1182,C-172R,1997-11-06,21,2013-10-11,4,2457lbs,청주국제공항,구매,항공기사용사업
한국항공대학교,HL0304,L23,2000-08-29,18,2000-10-24,2,510kg,수색비행장,구매,자가용
한국항공대학교,HL1086,C-172R,2001-02-16,18,2001-04-23,4,1.111ton,수색비행장,구매,자가용
한국항공대학교,HL1087,C-172R,2001-02-16,18,2001-04-23,4,1.111ton,수색비행장,구매,자가용
한국항공대학교,HL1131,C-172S,2010-06-30,8,2010-07-27,4,1156kg,수색비행장,구매,자가용
한국항공대학교,HL1132,C-172S,2010-06-30,8,2010-07-27,4,1156kg,수색비행장,구매,자가용
한국항공대학교,HL1133,C-172S,2010-06-30,8,2010-07-27,4,1156kg,수색비행장,구매,자가용
한국항공대학교,HL1134,C-172S,2010-07-12,8,2010-08-06,4,1156kg,수색비행장,구매,자가용
한국항공대학교,HL1135,C-172S,2010-07-12,8,2010-08-06,4,1156kg,수색비행장,구매,자가용
한국항공대학교,HL1136,C-172S,2010-07-12,8,2010-08-06,4,1156kg,수색비행장,구매,자가용
한국항공대학교,HL2035,DA 42 NG,2011-01-12,8,2011-03-16,4,1900kg,수색비행장,구매,자가용
한국항공대학교,HL1171,C-172S,2012-09-26,6,2012-11-15,4,1156kg,수색비행장,구매,자가용
한국항공대학교,HL1172,C-172S,2012-09-26,6,2012-11-15,4,1156kg,수색비행장,구매,자가용
한국항공대학교,HL1173,C-172S,2013-06-25,5,2013-08-12,4,2550lbs,수색비행장,구매,자가용
한국항공대학교,HL1174,C-172S,2013-08-12,5,2013-08-12,4,2550lbs,수색비행장,구매,자가용
한국항공대학교,HL1175,C-172S,2013-06-25,5,2013-08-12,4,2550lbs,수색비행장,구매,자가용
한국항공대학교,HL1221,C-172S,2015-02-10,4,2015-04-08,4,2550lbs,수색비행장,구매,자가용
한국항공대학교,HL1222,C-172S,2015-02-19,4,2015-04-08,4,2550lbs,수색비행장,구매,자가용
한국항공대학교,HL1223,C-172S,2015-02-24,4,2015-04-08,4,2550lbs,수색비행장,구매,자가용
한국항공대학교,HL1224,C-172S,2015-02-23,4,2015-04-08,4,2550lbs,수색비행장,구매,자가용
한국항공대학교,HL1079,C-172R,1998-12-07,20,1999-03-12,4,1.111ton,수색비행장,구매,자가용
한국항공대학교,HL1081,C-172R,1998-12-07,20,1999-03-12,4,1.111ton,수색비행장,구매,자가용
한국항공대학교,HL1082,C-172R,1998-12-03,20,1999-03-12,4,1.111ton,수색비행장,구매,자가용
한국항공선교회,HL1039,TU-206G,1980-03-05,39,1992-05-19,6,1.62ton,김포공항,구매,자가용
한국항공우주산업,HL1200,KC-100,2013-12-04,5,2013-12-10,4,1633kg,사천공항,구매,자가용
한국항공우주산업,HL9648,EC-155B1,2008-10-12,10,2018-09-18,6,4920kg,한국항공우주산업,구매,소형항공기운송사업
한라스카이에어,HL2004,P68C TC,1984-09-30,34,2007-08-24,6,2.084ton,김포공항,구매,항공기사용사업
한서대학교산학협력단,HL9169,480B,2005-09-14,13,2005-11-07,4,3000lbs,한서대학교 태안비행장,구매,항공기사용사업
한서대학교산학협력단,HL5200,C90GT,2006-12-11,12,2006-12-22,8,4.581kg,한서대학교 태안비행장,구매,항공기사용사업
한양항공,HL1070,MXT-7,1991-10-08,27,1992-04-27,4,1.136ton,전북 남원요천비행장,구매,항공기사용사업
한화케미칼(주),HL7227,B737-700,2006-09-15,12,2010-09-30,19,77.564ton,김포공항,구매,자가용
한화케미칼(주),HL9254,S-76C,1997-03-07,22,1997-03-21,8,5.307ton,김포공항,구매,자가용
헬리월드,HL9479,MI-2,1989-11-24,29,2008-12-24,9,3.550ton,김포산업단지,구매,항공기사용사업
헬리코리아,HL9143,H-369D,1979-04-13,40,2000-06-14,5,1.519ton,대전 헬리코리아 헬기장,구매,항공기사용사업
헬리코리아,HL9154,BELL214B-1,1980-03-20,39,2002-10-31,16,16000lbs,대전 헬리코리아 헬기장,구매,항공기사용사업
헬리코리아,HL9159,BELL214B-1,1980-09-20,38,2003-02-05,16,16000lbs,대전 헬리코리아 헬기장,구매,항공기사용사업
헬리코리아,HL9160,BELL214B-1,1982-01-27,37,2003-04-09,16,5.727ton,대전 헬리코리아 헬기장,구매,항공기사용사업
헬리코리아,HL9270,S-76C,2002-10-31,16,2003-06-05,10,5.307ton,헬리코리아 헬기장,구매,소형항공기운송사업
헬리코리아,HL9285,S-76C,2004-06-01,15,2004-06-01,14,5.307ton,헬리코리아 헬기장,구매,소형항공기운송사업
헬리코리아,HL9171,BELL214B-1,1978-12-30,40,2005-12-01,16,16000lbs,대전,구매,항공기사용사업
헬리코리아,HL9289,KA-32A,1989-04-29,30,2006-01-03,15,11ton,대전 헬리코리아 헬기장,구매,항공기사용사업
헬리코리아,HL9475,KA-32A,2008-10-01,10,2008-10-01,16,11ton,대전 헬리코리아 헬기장,구매,항공기사용사업
헬리코리아,HL9489,S-76C,2001-08-01,17,2010-06-24,16,5.307ton,대전 헬리코리아 헬기장,구매,소형항공기운송사업
헬리코리아,HL9191,B407,2010-01-30,9,2010-11-19,7,2722kg,대전 헬리코리아 헬기장,구매,항공기사용사업
헬리코리아,HL9200,BK117C-1,2000-12-04,18,2012-06-07,8,3350kg,대전 헬리코리아 헬기장,구매,소형항공기운송사업
헬리코리아,HL9628,AW169,2016-10-25,2,2016-11-21,10,4600kg,대전 헬리코리아 헬기장,구매,항공기사용사업
헬리코리아,HL9627,AW169,2016-10-21,2,2016-11-28,10,4600kg,헬리코리아 헬기장,구매,항공기사용사업
헬리코리아,HL9631,AW169,2016-12-15,2,2016-12-26,10,4600kg,대전 헬리코리아 헬기장,임차,항공기사용사업
헬리코리아,HL9643,AW109SP,2017-10-26,1,2017-11-21,8,3175kg,대전 헬리코리아 헬기장,구매,항공기사용사업
헬리코리아,HL9644,AW109SP,2017-11-30,1,2017-12-08,8,3175kg,헬리코리아 헬기장,구매,항공기사용사업
현대자동차,HL9474,S-76C,2008-11-24,10,2009-08-18,10,5.307ton,김포공항,구매,자가용
현대자동차,HL8290,B737-700,2013-01-30,6,2014-07-16,17,77.564ton,김포공항,구매,자가용
홍익항공,HL9146,H-369D,1979-03-12,40,2001-02-15,5,1.363ton,김포공항,구매,항공기사용사업
홍익항공,HL9151,AS-350B1,1986-12-09,32,2002-03-18,6,2200kg,김포공항,구매,항공기사용사업
홍익항공,HL9158,BELL214B-1,1980-05-20,39,2003-02-05,18,5.67ton,김포공항,구매,항공기사용사업
홍익항공,HL9166,AS-350B2,1998-02-05,21,2004-12-28,6,2250kg,김포공항,구매,항공기사용사업
홍익항공,HL9174,AS-350B2,1992-11-27,26,2006-04-19,6,2250kg,김포공항,구매,항공기사용사업
홍익항공,HL9189,AS-350B2,1980-10-12,38,2008-10-13,6,2250kg,김포공항,구매,항공기사용사업
홍익항공,HL9199,AS-350B2,1990-04-26,29,2012-02-24,6,2250kg,김포공항,구매,항공기사용사업
홍익항공,HL9302,AS-350B2,1992-09-11,26,2013-02-18,6,2250kg,김포공항,구매,항공기사용사업
홍익항공,HL9616,EC135P2+,2008-04-30,11,2013-10-08,5,2910kg,김포공항,구매,항공기사용사업
홍익항공,HL9227,BK117,1984-11-12,34,1991-03-14,7,2850kg,김포공항,구매,항공기사용사업
홍익항공,HL9116,BELL214B-1,1981-04-21,38,1994-03-29,18,5.67ton,김포공항,구매,항공기사용사업
