SEQ,REG_CUSER,REG_SNO,AIR_TYPE,AIR_BUILD_NO,AIR_BUILD_DATE,AIR_AGE,REG_DATE,AIR_LIMIT_MAN,AIR_FLY_WEIGHT,REG_JANG,PROC_TYPE,PRJ_GBN
1,(재)스타항공우주,HL9493,MI-2,5210725098,88.09.25,30,10.12.27,9,3550kg,예천군 감천면,구매,항공기사용사업
2,(재)스타항공우주,HL9492,MI-2,5210126027,87.05.05,32,10.12.28,9,3550kg,예천군 감천면,구매,항공기사용사업
3,(재)스타항공우주,HL9494,MI-2,562817043,73.01.01,46,11.01.05,9,3550kg,예천군 감천면,구매,항공기사용사업
4,(재)스타항공우주,HL9471,MI-2,529936096,86.09.30,32,12.04.19,9,3550kg,예천군 감천면,구매,항공기사용사업
5,(재)스타항공우주,HL9301,BELL206B,8550,78.07.19,40,12.10.18,5,1450kg,예천군 감천면,구매,소형항공기운송사업
6,(재)스타항공우주,HL9303,BELL206L-1,45594,81.01.01,38,14.03.17,7,4150lbs,예천군 감천면,구매,소형항공기운송사업
7,(재)스타항공우주,HL1201,C-182S,18280225,98.01.01,21,14.05.16,4,1406kg,대구공항,구매,항공기사용사업
8,(재)스타항공우주,HL8037,C-500,500-0354,77.03.29,42,15.04.27,8,11850lbs,무안공항,구매,소형항공기운송사업
9,(재)스타항공우주,HL9622,MI-2,5410217047,87.04.15,32,16.01.18,9,3550kg,예천군 감천면,구매,항공기사용사업
10,(재)스타항공우주,HL9623,MI-2,5210539038,88.03.21,31,16.02.11,9,3550kg,예천군 감천면,구매,항공기사용사업
11,(재)스타항공우주,HL9699,S-76A,760295,90.10.31,28,17.06.07,14,10800lbs,예천군 감천면,구매,소형항공기운송사업
1,(주)가디언즈 항공,HL1156,C-172S,172S9537,03.11.09,15,12.01.06,4,2550lbs,김포공항,임차,항공기사용사업
2,(주)가디언즈 항공,HL1163,C-172S,172S8394,00.03.06,19,12.09.24,4,1156.6kg,양양공항,구매,항공기사용사업
3,(주)가디언즈 항공,HL1185,C-172R,17280340,98.02.03,21,13.12.17,4,2550lbs,양양공항,구매,항공기사용사업
4,(주)가디언즈 항공,HL1197,C-172R,17280561,98.08.11,20,14.06.02,4,1157.7kg,무안공항,구매,항공기사용사업
5,(주)가디언즈 항공,HL1219,C-172R,17280865,00.02.25,19,15.01.02,4,1111kg,양양공항,구매,항공기사용사업
6,(주)가디언즈 항공,HL1257,C-172S,172S8939,01.09.10,17,15.12.04,4,2550lbs,양양국제공항,구매,항공기사용사업
1,(주)동해기계항공,HL6147,UH-12E,5046,78.05.25,41,15.06.05,3,1270kg,공주시 신풍면,구매,자가용
1,(주)성준항공,HL1117,TB-9,1545,93.01.19,26,09.07.23,4,1.06ton,김포공항,구매,항공기사용사업
2,(주)성준항공,HL6145,R-44Ⅱ,13012,10.11.11,8,10.12.20,4,2500lbs,김포공항,구매,항공기사용사업
1,(주)스펙코어,HL1145,C-172S,172S9240,02.11.14,16,11.05.17,4,1111kg,울산공항,구매,항공기사용사업
2,(주)스펙코어,HL1193,C-172R,17281179,06.09.01,12,14.01.07,4,2450lbs,울산공항,구매,항공기사용사업
3,(주)스펙코어,HL1194,C-172R,17281180,06.08.18,12,14.01.07,4,2450lbs,울산공항,구매,항공기사용사업
4,(주)스펙코어,HL2039,PA-34-220T,3449045,98.02.03,21,14.09.22,5,4750lbs,양양국제공항,구매,항공기사용사업
5,(주)스펙코어,HL1256,C-172R,17280099,97.06.17,22,15.10.05,4,1111kg,무안공항,구매,항공기사용사업
6,(주)스펙코어,HL5240,B300,FL-946,14.08.18,4,17.10.10,5,7484kg,김포공항,구매,항공기사용사업
1,(주)신한에어,HL1202,C-172S,172S10864,08.12.12,10,14.05.28,4,1111kg,전남 영암군 미암면 ,구매,항공기사용사업
2,(주)신한에어,HL1203,C-172S,172S9936,05.09.09,13,14.05.28,4,1111kg,전남 영암,구매,항공기사용사업
1,(주)에어필립,HL6143,R-44Ⅱ,12850,09.06.25,9,09.08.06,4,2500lbs,김포공항,구매,소형항공기운송사업
1,(주)지오스토리,HL5239,E90,LW-58,93.07.16,25,13.09.12,4,10100lbs,김포공항,구매,항공기사용사업
2,(주)지오스토리,HL5242,C90B,LJ-1586,18.01.19,1,18.04.24,5,10100lbs,무안공항,구매,항공기사용사업
1,(주)지오투정보기술,HL1130,T-206H,T20608393,03.06.24,16,10.09.15,6,1.724ton,김포공항,구매,항공기사용사업
1,(주)티티엠코리아,HL1146,SR20,1300,03.02.28,16,13.05.29,4,1361kg,김포공항,구매,항공기사용사업
1,(주)한국조종사교육원,HL1107,C-172S,172S8083,99.01.19,20,07.07.13,4,1156kg,양양공항,구매,항공기사용사업
2,(주)한국조종사교육원,HL1110,C-172S,172S9371,03.04.22,16,08.03.17,5,1156kg,양양공항,구매,항공기사용사업
3,(주)한국조종사교육원,HL1112,C-172S,172S9729,04.11.22,14,08.11.25,4,1160kg,울산공항,구매,항공기사용사업
4,(주)한국조종사교육원,HL2030,PA44-180,44-7995-257,81.03.21,38,09.07.23,4,1.72ton,울산공항,구매,항공기사용사업
5,(주)한국조종사교육원,HL1149,C-172S,172S9390,03.01.14,16,11.11.01,4,1156.6kg,울산공항,구매,항공기사용사업
6,(주)한국조종사교육원,HL1150,C-172S,172S8580,00.07.07,18,11.12.05,4,1156.6kg,울산공항,구매,항공기사용사업
7,(주)한국조종사교육원,HL1151,C-172S,172S9514,03.08.06,15,11.12.05,4,1156.6kg,울산공항,구매,항공기사용사업
8,(주)한국조종사교육원,HL1162,C-172S,172S9705,04.10.18,14,12.09.24,4,1156.6kg,양양공항,구매,항공기사용사업
9,(주)한국조종사교육원,HL1164,C-172S,172S9806,05.01.31,14,12.12.21,4,2550lbs,양양공항,구매,항공기사용사업
10,(주)한국조종사교육원,HL1165,C-172S,172S9452,03.06.09,16,12.12.21,4,1156.6kg,양양공항,구매,항공기사용사업
11,(주)한국조종사교육원,HL1262,C-172S,172S9689,04.06.08,15,16.10.24,4,2550lbs,강원도 양양,구매,항공기사용사업
1,LG전자,HL9604,S-76D,761018,13.04.23,6,14.10.16,8,5386kg,김포공항,구매,자가용
2,LG전자,HL8299,GVI,6212,16.06.11,3,16.12.13,12,46.992ton,김포공항,구매,자가용
3,LG전자,HL9640,S-76D,761074,15.03.18,4,18.08.14,8,5386kg,김포공항,구매,자가용
1,SK텔레콤,HL8200,GV-SP,5233,09.02.24,10,09.09.17,16,41.277ton,김포공항,구매,자가용
2,SK텔레콤,HL9600,S-76D,761017,14.07.03,4,14.08.14,8,5.386ton,김포공항,구매,자가용
3,SK텔레콤,HL8080,A319-115,5768,13.10.18,5,15.04.09,17,11875lbs,김포공항,구매,자가용
1,강원도,HL9476,AW139,31154,09.03.04,10,09.05.26,14,6.4ton,강원도 양양,구매,자가용
2,강원도,HL9626,AW139,41527,17.02.10,2,17.04.26,15,6800kg,춘천시 신북읍,구매,자가용
1,경기도,HL9455,AS-365N3,6606,01.09.18,17,07.11.15,14,4.3ton,경기도 용인시,구매,자가용
2,경기도,HL9456,KA-32T,96-18,01.02.14,18,07.11.15,18,11ton,경기도 용인시,구매,자가용
3,경기도,HL9485,AW139,31254,10.08.06,8,10.11.02,17,6.4ton,경기도 용인시,구매,자가용
1,경상남도,HL9464,AS-365N3,6730,06.12.14,12,07.12.05,14,4.3ton,경남합천군용주면용지리,구매,자가용
1,경상북도,HL9462,KA-32T,9204,95.06.27,23,07.11.15,18,11ton,대구K-2 공군기지내,구매,자가용
2,경상북도,HL9463,AS-365N3,6727,06.02.17,13,07.11.15,14,4.3ton,대구K-2 공군기지내,구매,자가용
1,경운대학교,HL1218,SR20,1128,01.03.09,18,15.01.09,4,1361kg,무안공항,구매,자가용
2,경운대학교,HL1225,SR20,1035,00.05.08,19,15.03.10,4,1361kg,무안공항,구매,자가용
3,경운대학교,HL1234,SR20,1326,03.05.16,16,15.06.15,4,1361kg,무안공항,구매,자가용
4,경운대학교,HL1240,SR20,1152,01.09.07,17,15.08.11,4,1361kg,무안공항,구매,자가용
5,경운대학교,HL1241,SR20,1160,11.11.20,7,15.10.29,4,1361kg,무안공항,구매,자가용
6,경운대학교,HL1274,XL-2,0117,08.09.03,10,17.05.24,2,794kg,전남 영암군,구매,자가용
7,경운대학교,HL1275,XL-2,0118,08.09.08,10,17.05.24,2,794kg,전남 영암군,구매,자가용
8,경운대학교,HL1281,XL-2,0110,08.06.04,11,19.04.10,2,794kg,전남 영암,구매,자가용
9,경운대학교,HL1282,MI-2,0074,07.08.13,11,19.04.10,2,794kg,전남 영암,구매,자가용
10,경운대학교,HL1283,XL-2,0071,07.07.18,11,19.04.10,2,794kg,무안공항,구매,자가용
1,광주광역시,HL9450,BK117B-2,1113,97.03.21,22,07.12.05,10,3.35ton,광주공항,구매,자가용
1,국립공원관리공단,HL9465,KA-32T,96-01,97.04.24,22,07.12.06,18,11ton,청주국제공항,구매,자가용
1,국제조종사교육원,HL1180,C-172S,172S8063,99.01.02,20,13.08.08,4,2550lbs,김포공항,구매,항공기사용사업
2,국제조종사교육원,HL1183,C-172S,172S9834,05.02.15,14,13.11.12,4,2550lbs,김포공항,구매,항공기사용사업
3,국제조종사교육원,HL1199,C-172S,172S8262,99.09.30,19,14.05.14,4,2550lbs,강원도 양양,구매,항공기사용사업
1,글로리아교육재단,HL1116,C-172R,17280718,99.06.08,20,10.06.23,4,1.111ton,울진비행장,구매,자가용
2,글로리아교육재단,HL1204,C-172S,172S10527,07.06.06,12,14.06.23,4,1.156ton,울진비행장,구매,자가용
3,글로리아교육재단,HL1205,C-172S,172S10602,07.09.27,11,14.06.23,4,1.156ton,울진비행장,구매,자가용
4,글로리아교육재단,HL1211,C-172S,172s10456,07.03.15,12,14.09.11,4,1.156ton,울진비행장,구매,자가용
5,글로리아교육재단,HL1212,C-172S,172S10353,06.11.21,12,14.09.11,4,1.156ton,울진비행장,구매,자가용
6,글로리아교육재단,HL1213,C-172S,172S9722,04.10.27,14,14.09.30,4,2550lbs,울진비행장,구매,자가용
7,글로리아교육재단,HL1215,C-172S,172S8994,01.12.03,17,14.09.30,4,2550lbs,울진비행장,구매,자가용
8,글로리아교육재단,HL1214,C-172S,172S9221,02.11.19,16,14.10.27,4,2550lbs,울진비행장,구매,자가용
9,글로리아교육재단,HL1216,C-172R,17280268,97.12.03,21,14.10.27,4,2550lbs,울진비행장,구매,자가용
10,글로리아교육재단,HL1235,C-172S,172S10491,07.04.20,12,15.06.02,4,2550lbs,울진비행장,구매,자가용
11,글로리아교육재단,HL1238,C-172S,172S10489,07.04.17,12,15.06.03,4,2550lbs,울진비행장,구매,자가용
12,글로리아교육재단,HL1236,C-172S,172S10330,06.09.29,12,15.06.29,4,2550lbs,울진비행장,구매,자가용
13,글로리아교육재단,HL1237,C-172S,172S10493,15.06.29,3,15.06.29,4,2550lbs,울진비행장,구매,자가용
14,글로리아교육재단,HL2044,PA44-180,4496364,15.08.28,3,15.10.13,4,3800lbs,울진비행장,구매,자가용
15,글로리아교육재단,HL1259,C-172S,172S10540,07.06.12,12,16.01.18,4,2550lbs,울진비행장,구매,자가용
16,글로리아교육재단,HL1260,C-172S,172S10543,07.06.14,12,16.01.18,4,2550lbs,울진비행장,구매,자가용
17,글로리아교육재단,HL1261,C-172S,172S10555,07.06.21,12,16.01.18,24.6,2550lbs,울진비행장,구매,자가용
1,글로리아항공,HL9635,S-76A,760286,87.10.18,31,17.08.14,13,4898kg,김포산업단지,구매,항공기사용사업
2,글로리아항공,HL9636,S-76C,760421,94.03.09,25,17.08.14,13,5306kg,김포산업단지,구매,항공기사용사업
3,글로리아항공,HL9637,S-76A,760228,83.02.21,36,17.11.08,13,4898kg,김포산업단지,구매,항공기사용사업
4,글로리아항공,HL9638,S-76A,760294,89.10.31,29,17.11.08,13,4898kg,김포산업단지,구매,항공기사용사업
1,김**(172),HL1155,C-172S,172S9740,04.12.07,14,12.01.06,4,2550lbs,김포공항,임차,자가용
2,김**(172),HL1158,C-172S,172S10696,08.03.24,11,12.02.27,4,2550lbs,김포공항,임차,자가용
1,네이버시스템(주),HL5107,C-208,20800238,94.06.23,25,94.10.08,6,3628kg,김포공항,구매,항공기사용사업
1,단비에어,HL5123,AT-802,802-0401,11.04.26,8,13.11.18,2,7257kg,울산공항,구매,항공기사용사업
1,대구광역시,HL9185,AS-350B2,2895,95.10.29,23,07.12.05,6,2.25ton,대구공항,구매,자가용
2,대구광역시,HL9446,KA-32T,96-26,05.11.15,13,07.12.05,18,11ton,대구공항,구매,자가용
1,대진항공,HL9173,AS-350B2,2877,95.06.17,24,06.04.27,6,2.25ton,김포공항,구매,항공기사용사업
2,대진항공,HL9299,KA-32T,8609,91.09.12,27,08.05.02,19,11ton,김해공항,구매,항공기사용사업
1,대한항공,HL7584,A330-300,338,00.05.15,19,00.05.31,276,215.28ton,김포공항,구매,국제항공운송사업
2,대한항공,HL7573,B777-300,27952,00.05.30,19,00.06.27,338,272.97ton,인천국제공항,구매,국제항공운송사업
3,대한항공,HL7585,A330-300,350,00.07.06,18,00.07.26,276,215.28ton,김포공항,구매,국제항공운송사업
4,대한항공,HL7586,A330-300,351,00.07.21,18,00.08.10,276,215.28ton,김포공항,구매,국제항공운송사업
5,대한항공,HL7560,B737-800,29981,00.07.10,18,00.08.15,147,79ton,인천국제공항,구매,국제항공운송사업
6,대한항공,HL7574,B777-200,28444,00.09.18,18,00.10.18,248,286.9ton,김해공항,구매,국제항공운송사업
7,대한항공,HL7575,B777-200,28445,00.10.12,18,00.11.09,248,292.56ton,인천국제공항,구매,국제항공운송사업
8,대한항공,HL7587,A330-300,368,00.11.08,18,00.11.29,276,215.28ton,김포공항,임차,국제항공운송사업
9,대한항공,HL7566,B737-800,29985,01.04.30,18,01.05.25,147,79ton,김포공항,임차,국제항공운송사업
10,대한항공,HL7568,B737-800,29986,01.06.18,18,01.07.12,147,79ton,광주공항,임차,국제항공운송사업
11,대한항공,HL7598,B777-200,27949,01.07.17,17,01.09.28,248,292.56ton,인천국제공항,구매,국제항공운송사업
12,대한항공,HL7702,A330-300,428,01.09.12,17,01.10.25,276,215.28ton,인천국제공항,구매,국제항공운송사업
13,대한항공,HL7569,B737-900,29987,01.10.16,17,01.11.21,188,74.39ton,김포공항,임차,국제항공운송사업
14,대한항공,HL7599,B737-900,29988,01.11.13,17,01.12.11,188,74.39ton,대구공항,임차,국제항공운송사업
15,대한항공,HL7704,B737-900,29989,02.02.07,17,02.03.07,188,74.39ton,김해공항,임차,국제항공운송사업
16,대한항공,HL7705,B737-900,29990,02.05.31,17,02.06.26,188,78.39ton,김포공항,임차,국제항공운송사업
17,대한항공,HL7714,B777-200,27951,02.06.24,17,02.07.25,248,292.56ton,인천국제공항,구매,국제항공운송사업
18,대한항공,HL7706,B737-900,29991,02.07.09,16,02.08.06,188,78.39ton,광주공항,구매,국제항공운송사업
19,대한항공,HL7709,A330-300,484,02.07.02,16,02.08.08,276,215.28ton,인천국제공항,구매,국제항공운송사업
20,대한항공,HL7707,B737-900,29992,02.07.12,16,02.09.10,188,78.39ton,제주국제공항,구매,국제항공운송사업
21,대한항공,HL7715,B777-200,28372,02.08.13,16,02.09.27,248,292.56ton,인천국제공항,구매,국제항공운송사업
22,대한항공,HL7710,A330-300,490,02.07.18,16,02.10.04,276,215.28ton,인천국제공항,구매,국제항공운송사업
23,대한항공,HL7708,B737-900,29993,02.08.08,16,02.10.07,188,79.02ton,울산공항,구매,국제항공운송사업
24,대한항공,HL7718,B737-900,29996,03.05.28,16,03.06.20,188,79.02ton,김포공항,구매,국제항공운송사업
25,대한항공,HL7716,B737-900,29994,03.04.21,16,03.06.30,188,79.02ton,김포공항,구매,국제항공운송사업
26,대한항공,HL7717,B737-900,29995,03.05.14,16,03.07.16,188,79.02ton,김포공항,구매,국제항공운송사업
27,대한항공,HL7721,B777-200,33727,03.08.06,15,03.09.08,248,286.9ton,인천국제공항,구매,국제항공운송사업
28,대한항공,HL7720,A330-300,550,03.08.07,15,03.10.15,276,217ton,인천국제공항,구매,국제항공운송사업
29,대한항공,HL7719,B737-900,29997,03.11.09,15,03.12.17,188,79ton,제주국제공항,구매,국제항공운송사업
30,대한항공,HL7724,B737-900,29998,04.04.09,15,04.05.17,188,79ton,김포공항,구매,국제항공운송사업
31,대한항공,HL7725,B737-900,29999,04.05.11,15,04.06.09,188,79ton,김포공항,구매,국제항공운송사업
32,대한항공,HL7601,B747-400F,33946,04.07.19,14,04.08.16,8,412.8ton,인천국제공항,구매,국제항공운송사업
33,대한항공,HL7727,B737-900,30000,04.06.23,15,04.08.31,188,79ton,김포공항,구매,국제항공운송사업
34,대한항공,HL7728,B737-900,30002,04.11.19,14,04.12.22,188,79ton,제주국제공항,임구,국제항공운송사업
35,대한항공,HL9284,S-76C,760569,04.07.26,14,05.01.26,6,5.3ton,김포공항,구매,소형항공기운송사업
36,대한항공,HL7726,B737-900,30001,05.05.26,14,05.06.22,188,79ton,김포공항,구매,국제항공운송사업
37,대한항공,HL7602,B747-400F,34301,05.10.07,13,05.10.30,8,412.8ton,인천국제공항,구매,국제항공운송사업
38,대한항공,HL7603,B747-400F,34302,05.12.08,13,06.01.13,8,412.8ton,인천국제공항,구매,국제항공운송사업
39,대한항공,HL7605,B747-400F,35526,06.05.31,13,06.06.30,8,412.8ton,인천국제공항,구매,국제항공운송사업
40,대한항공,HL7757,B737-800,35790,06.11.08,12,06.12.06,147,79ton,청주국제공항,임차,국제항공운송사업
41,대한항공,HL7751,B777-200,34210,07.07.20,11,07.08.27,261,292.56ton,인천국제공항,구매,국제항공운송사업
42,대한항공,HL7752,B777-200,34211,07.11.05,11,07.11.30,261,292.56ton,제주국제공항,구매,국제항공운송사업
43,대한항공,HL7764,B777-200,34214,07.11.14,11,07.12.20,261,292.56ton,인천국제공항,구매,국제항공운송사업
44,대한항공,HL7765,B777-200,34212,08.03.29,11,08.05.14,261,292.56ton,김포공항,구매,국제항공운송사업
45,대한항공,HL7766,B777-200,34213,08.06.08,11,08.06.30,261,292.56ton,인천국제공항,구매,국제항공운송사업
46,대한항공,HL7782,B777-300ER,37643,09.04.19,10,09.05.27,291,344.74ton,인천국제공항,임구,국제항공운송사업
47,대한항공,HL7783,B777-300ER,37644,09.07.19,9,09.08.30,291,344.74ton,인천국제공항,임구,국제항공운송사업
48,대한항공,HL8201,C525,525-0686,09.08.28,9,09.09.17,3,4.491ton,제주비행훈련원,구매,항공기사용사업
49,대한항공,HL8202,C525,525-0691,09.08.27,9,09.09.17,3,4.853ton,제주비행훈련원,구매,항공기사용사업
50,대한항공,HL7784,B777-300ER,37136,09.09.27,9,09.10.27,291,344.74ton,인천국제공항,임차,국제항공운송사업
51,대한항공,HL9482,AW139,31260,09.09.03,9,09.12.30,14,6.4ton,김포공항,구매,소형항공기운송사업
52,대한항공,HL8208,B777-300ER,37645,10.04.13,9,10.05.10,291,344.74ton,인천국제공항,임구,국제항공운송사업
53,대한항공,HL8209,B777-300ER,37646,10.05.16,9,10.06.09,291,344.74ton,인천국제공항,임구,국제항공운송사업
54,대한항공,HL9487,AW139,31294,10.05.06,9,10.06.15,8,6.4ton,김포공항,구매,소형항공기운송사업
55,대한항공,HL8222,B737-700,37660,09.07.27,9,10.07.14,16,77.6ton,김포공항,구매,소형항공기운송사업
56,대한항공,HL8210,B777-300ER,40377,10.06.23,8,10.07.16,291,344.74ton,인천국제공항,임구,국제항공운송사업
57,대한항공,HL8211,A330-200,1133,10.06.21,9,10.07.26,218,237.9ton,인천국제공항,임차,국제항공운송사업
58,대한항공,HL8212,A330-200,1155,10.08.30,8,10.09.29,218,238ton,인천국제공항,임차,국제항공운송사업
59,대한항공,HL8227,A330-200,1200,11.01.24,8,11.02.14,218,238ton,인천국제공항,임구,국제항공운송사업
60,대한항공,HL8228,A330-200,1203,11.01.31,8,11.03.07,218,238ton,인천국제공항,임구,국제항공운송사업
61,대한항공,HL8216,B777-300ER,37647,11.04.21,8,11.05.18,291,344.74ton,인천국제공항,임구,국제항공운송사업
62,대한항공,HL7611,A380-800,35,10.09.27,8,11.05.31,407,560ton,인천국제공항,임구,국제항공운송사업
63,대한항공,HL8217,B777-300ER,37648,11.05.15,8,11.06.07,291,344.74ton,제주국제공항,임구,국제항공운송사업
64,대한항공,HL8221,B737-900ER,37633,11.04.22,8,11.06.14,159,81.87ton,제주국제공항,임구,국제항공운송사업
65,대한항공,HL8223,B737-900ER,37634,11.06.08,8,11.06.28,159,81.87ton,제주국제공항,임구,국제항공운송사업
66,대한항공,HL7612,A380-800,39,10.11.08,8,11.07.13,407,560ton,인천국제공항,임구,국제항공운송사업
67,대한항공,HL7613,A380-800,59,10.11.24,8,11.08.19,407,560ton,인천국제공항,임구,국제항공운송사업
68,대한항공,HL8230,BD-700-1A10,9384,10.03.09,9,11.08.26,13,45132kg,인천국제공항,임구,소형항공기운송사업
69,대한항공,HL7614,A380-800,0068,11.02.08,8,11.09.07,407,560ton,인천국제공항,임구,국제항공운송사업
70,대한항공,HL8240,B737-800,39447,11.09.14,7,11.10.07,138,79.0ton,제주국제공항,임차,국제항공운송사업
71,대한항공,HL8218,B777-300ER,37649,11.10.26,7,11.11.21,291,344.74ton,인천국제공항,임구,국제항공운송사업
72,대한항공,HL7615,A380-800,0075,11.03.29,8,11.11.28,407,560ton,인천국제공항,임구,국제항공운송사업
73,대한항공,HL8241,B737-800,38129,11.11.07,7,11.11.30,138,79.0ton,인천국제공항,임차,국제항공운송사업
74,대한항공,HL7609,B747-8F,37132,12.01.10,7,12.02.06,8,442.2ton,인천국제공항,임구,국제항공운송사업
75,대한항공,HL8251,B777F,37639,12.01.10,7,12.02.06,8,347.8ton,인천국제공항,임구,국제항공운송사업
76,대한항공,HL8245,B737-800,38827,12.03.23,7,12.04.02,138,79ton,청주국제공항,임차,국제항공운송사업
77,대한항공,HL8248,B737-900ER,37635,12.05.05,7,12.05.18,159,81.64ton,청주국제공항,임구,국제항공운송사업
78,대한항공,HL8246,B737-800,41299,12.05.17,7,12.06.04,138,79ton,청주국제공항,임차,국제항공운송사업
79,대한항공,HL8249,B737-900ER,37636,12.06.07,7,12.06.25,159,81.64ton,청주국제공항,임구,국제항공운송사업
80,대한항공,HL8250,B777-300ER,37650,12.06.04,7,12.06.25,291,344.74ton,제주국제공항,임구,국제항공운송사업
81,대한항공,HL8252,B777F,37638,12.06.24,6,12.06.29,8,347.8ton,제주국제공항,임구,국제항공운송사업
82,대한항공,HL7610,B747-8F,37133,12.08.18,6,12.09.04,8,442.2ton,인천국제공항,임구,국제항공운송사업
83,대한항공,HL8247,B737-800,41300,12.10.01,6,12.10.22,138,79ton,청주국제공항,임차,국제항공운송사업
84,대한항공,HL7619,A380-800,0096,12.06.27,6,12.12.10,407,560ton,인천국제공항,임구,국제항공운송사업
85,대한항공,HL8226,B777F,37640,13.01.17,6,13.02.25,8,347.8ton,인천국제공항,임구,국제항공운송사업
86,대한항공,HL8274,B777-300ER,41998,13.02.09,6,13.02.28,291,344.74ton,인천국제공항,임구,국제항공운송사업
87,대한항공,HL8276,A330-200,1393,13.02.11,6,13.03.08,218,238ton,인천국제공항,구매,국제항공운송사업
88,대한항공,HL7617,B747-8F,37654,13.03.15,6,13.03.28,,442.2ton,인천국제공항,임구,국제항공운송사업
89,대한항공,HL8272,B737-900ER,42173,13.05.09,6,13.05.24,159,81.64ton,김포공항,임구,국제항공운송사업
90,대한항공,HL8273,B737-900ER,42174,13.05.24,6,13.06.07,159,81.64ton,김포공항,임구,국제항공운송사업
91,대한항공,HL8275,B777-300ER,37651,13.05.24,6,13.06.11,291,344.74ton,김포공항,임구,국제항공운송사업
92,대한항공,HL7621,A380-800,0126,13.01.24,6,13.08.28,407,560ton,인천국제공항,구매,국제항공운송사업
93,대한항공,HL7622,A380-800,0128,13.03.20,6,13.10.25,407,560ton,인천국제공항,임구,국제항공운송사업
94,대한항공,HL7624,B747-8F,37656,13.12.14,5,13.12.30,,447.69ton,인천국제공항,임구,국제항공운송사업
95,대한항공,HL8285,B777F,37641,14.01.13,5,14.02.24,,347.81ton,김포공항,임구,국제항공운송사업
96,대한항공,HL7623,B747-8F,37655,14.02.21,5,14.03.14,,447.69ton,인천국제공항,임구,국제항공운송사업
97,대한항공,HL7627,A380-800,0130,14.02.12,5,14.06.27,407,560ton,인천국제공항,구매,국제항공운송사업
98,대한항공,HL7628,A380-800,0156,14.03.05,5,14.07.28,407,560ton,인천국제공항,임구,국제항공운송사업
99,대한항공,HL8001,A330-300,1556,14.09.10,4,14.09.29,272,230ton,김포공항,임구,국제항공운송사업
100,대한항공,HL9609,AW139,31569,14.10.10,4,14.10.31,14,6400kg,김포공항,구매,소형항공기운송사업
101,대한항공,HL8002,A330-300,1576,14.10.31,4,14.11.28,272,230ton,김포공항,임구,국제항공운송사업
102,대한항공,HL8003,A330-300,1590,14.12.04,4,14.12.22,272,230ton,김포공항,임구,국제항공운송사업
103,대한항공,HL9610,AW139,31575,14.12.19,4,15.01.09,14,6400kg,김포공항,구매,소형항공기운송사업
104,대한항공,HL8005,B777F,37642,15.02.05,4,15.02.24,,347.81ton,김포공항,임차,국제항공운송사업
105,대한항공,HL8025,A330-300,1611,15.02.16,4,15.03.27,272,230ton,김포공항,임구,국제항공운송사업
106,대한항공,HL8010,B777-300ER,42120,15.04.08,4,15.04.29,291,344.74ton,김포공항,임차,국제항공운송사업
107,대한항공,HL8011,B777-300ER,42123,15.05.07,4,15.05.29,291,344.74ton,김포공항,구매,국제항공운송사업
108,대한항공,HL8026,A330-300,1638,15.06.10,4,15.06.24,272,230ton,김포공항,임구,국제항공운송사업
109,대한항공,HL7629,B747-8F,37657,15.06.10,4,15.06.30,,447.69ton,인천국제공항,임구,국제항공운송사업
110,대한항공,HL8006,B777-300ER,37652,15.06.24,3,15.07.23,291,344.74ton,김포공항,임구,국제항공운송사업
111,대한항공,HL8007,B777-300ER,43815,15.07.27,3,15.08.11,291,344.74ton,김포공항,임구,국제항공운송사업
112,대한항공,HL7630,B747-8,40905,15.07.20,3,15.08.25,368,447.69ton,인천국제공항,임구,국제항공운송사업
113,대한항공,HL8027,A330-300,1647,15.08.20,3,15.08.31,272,230ton,김포공항,임구,국제항공운송사업
114,대한항공,HL7631,B747-8,40906,15.08.24,3,15.09.30,368,447.69ton,인천국제공항,임구,국제항공운송사업
115,대한항공,HL8008,B777-300ER,43816,15.09.18,3,15.09.30,277,344.73ton,김포공항,임차,국제항공운송사업
116,대한항공,HL7632,B747-8,40907,15.09.29,3,15.10.27,368,447.69ton,인천국제공항,임구,국제항공운송사업
117,대한항공,HL7633,B747-8,40908,15.10.22,3,15.11.17,368,447.69ton,인천국제공항,임구,국제항공운송사업
118,대한항공,HL8009,B777-300ER,41999,15.12.05,3,15.12.23,277,344.73ton,김포공항,임구,국제항공운송사업
119,대한항공,HL7636,B747-8,60407,15.12.10,3,16.01.25,368,447.69ton,인천국제공항,임구,국제항공운송사업
120,대한항공,HL7638,B747-8,60408,16.04.26,3,16.05.26,368,447.69ton,인천국제공항,임구,국제항공운송사업
121,대한항공,HL8041,B777-300ER,60375,16.05.16,3,16.05.27,277,344.73ton,김포공항,임구,국제항공운송사업
122,대한항공,HL8075,B777F,62631,16.01.27,3,16.06.24,,347.81ton,김포공항,임차,국제항공운송사업
123,대한항공,HL7637,B747-8,40909,16.06.02,3,16.06.27,368,447.69ton,인천국제공항,임구,국제항공운송사업
124,대한항공,HL8042,B777-300ER,60376,16.06.02,3,16.06.28,277,344.73ton,김포공항,임구,국제항공운송사업
125,대한항공,HL8068,GVI,6199,16.03.29,3,16.08.23,13,46992kg,김포공항,임차,소형항공기운송사업
126,대한항공,HL8043,B777F,62693,16.08.14,2,16.08.31,,347.81ton,김포공항,임차,국제항공운송사업
127,대한항공,HL8044,B777F,62694,16.09.19,2,16.09.19,,347.81ton,김포공항,임차,국제항공운송사업
128,대한항공,HL8076,B777F,62632,16.09.23,2,16.10.28,,347.81ton,김포공항,임차,국제항공운송사업
129,대한항공,HL8045,B777F,62695,16.10.21,2,16.10.31,,347.81ton,김포공항,임차,국제항공운송사업
130,대한항공,HL8046,B777F,62696,16.11.23,2,16.12.19,,347.81ton,김포공항,임차,국제항공운송사업
131,대한항공,HL7639,B747-8F,37653,16.07.15,2,16.12.29,,447.69ton,인천국제공항,임구,국제항공운송사업
132,대한항공,HL8081,B787-9,34810,17.01.25,2,17.02.22,269,557000lbs,김포공항,임구,국제항공운송사업
133,대한항공,HL8082,B787-9,34811,17.03.30,2,17.04.25,269,557000lbs,제주국제공항,임구,국제항공운송사업
134,대한항공,HL7642,B747-8,60409,17.03.19,2,17.04.27,368,447.69ton,김포공항,임구,국제항공운송사업
135,대한항공,HL7643,B747-8,60410,17.04.28,2,17.05.23,368,447.69ton,인천국제공항,구매,국제항공운송사업
136,대한항공,HL8083,B787-9,34812,17.06.27,1,17.07.12,269,545000lbs,인천국제공항,임구,국제항공운송사업
137,대한항공,HL7644,B747-8,60411,17.06.23,1,17.07.31,368,447.69ton,김포공항,구매,국제항공운송사업
138,대한항공,HL8084,B787-9,34813,17.08.29,1,17.09.07,269,557000lbs,제주국제공항,임차,국제항공운송사업
139,대한항공,HL8077,B777F,62697,17.10.04,1,17.10.16,,347.81ton,제주국제공항,임차,국제항공운송사업
140,대한항공,HL8085,B787-9,34814,17.12.09,1,17.12.20,269,557000lbs,제주국제공항,임차,국제항공운송사업
141,대한항공,HL8092,BD500-1A11,55018,17.10.02,1,17.12.22,127,67585kg,청주국제공항,임구,국제항공운송사업
142,대한항공,HL8093,BD500-1A11,55019,17.11.07,1,17.12.29,127,67585kg,김포공항,임구,국제항공운송사업
143,대한항공,HL7202,B777-300ER,60377,18.01.16,1,18.02.06,277,344.73ton,인천국제공항,임구,국제항공운송사업
144,대한항공,HL7200,BD500-1A11,55022,18.01.25,1,18.03.13,127,67585kg,제주국제공항,임차,국제항공운송사업
145,대한항공,HL7203,B777-300ER,60378,18.02.06,1,18.03.20,277,344.73ton,김포공항,구매,국제항공운송사업
146,대한항공,HL7201,BD500-1A11,55024,18.03.25,1,18.03.29,127,67585kg,청주국제공항,임구,국제항공운송사업
147,대한항공,HL7204,B777-300ER,60380,18.03.10,1,18.03.30,277,344.73ton,제주국제공항,구매,국제항공운송사업
148,대한항공,HL7205,B777-300ER,60379,18.05.19,1,18.05.30,277,344.73ton,청주국제공항,임구,국제항공운송사업
149,대한항공,HL8313,BD500-1A11,55031,18.05.15,1,18.05.31,127,67585kg,대구공항,임구,국제항공운송사업
150,대한항공,HL7206,B787-9,34815,18.05.22,1,18.06.14,269,557000lbs,김포공항,임구,국제항공운송사업
151,대한항공,HL8311,BD500-1A11,55026,18.06.17,1,18.07.09,127,67585kg,김포공항,임구,국제항공운송사업
152,대한항공,HL7207,B787-9,34816,18.07.13,0,18.07.25,269,557000lbs,제주공항,구매,국제항공운송사업
153,대한항공,HL8312,BD500-1A11,55028,18.07.18,0,18.08.10,127,67585kg,제주국제공항,임구,국제항공운송사업
154,대한항공,HL7208,B787-9,34817,18.09.09,0,18.09.20,269,557000lbs,인천국제공항,임구,국제항공운송사업
155,대한항공,HL8314,BD500-1A11,55035,18.08.27,0,18.09.28,127,67585kg,인천국제공항,임구,국제항공운송사업
156,대한항공,HL7209,B787-9,34818,18.12.12,0,18.12.19,269,557000lbs,김포공항,임구,국제항공운송사업
157,대한항공,HL8315,BD500-1A11,55037,18.11.30,0,18.12.20,127,67585kg,김포공항,임구,국제항공운송사업
158,대한항공,HL8091,BD500-1A11,55049,19.01.21,0,19.02.28,127,67585kg,제주국제공항,임구,국제항공운송사업
159,대한항공,HL8345,B787-9,34819,19.02.19,0,19.03.12,269,557000lbs,제주공항,임구,국제항공운송사업
160,대한항공,HL8346,B777-300ER,63434,19.04.21,0,19.05.14,277,344.73ton,청주국제공항,구매,국제항공운송사업
161,대한항공,HL7502,C-560V,560-0294,95.05.23,24,95.06.07,7,7.394ton,제주비행훈련원,구매,자가용
162,대한항공,HL7501,C-560V,560-0292,95.05.26,24,95.06.22,9,7.394ton,제주비행훈련원,구매,자가용
163,대한항공,HL7503,C-560V,560-0297,95.06.23,24,95.07.11,7,7.394ton,제주비행훈련원,구매,자가용
164,대한항공,HL7504,C-560V,560-0300,95.07.14,23,95.08.07,7,7.394ton,제주비행훈련원,구매,자가용
165,대한항공,HL7550,A330-300,162,97.01.29,22,97.03.03,276,215.28ton,김포공항,구매,국제항공운송사업
166,대한항공,HL7530,B777-200,27945,97.01.31,22,97.03.21,248,286.9ton,인천국제공항,구매,국제항공운송사업
167,대한항공,HL7531,B777-200,27946,97.02.14,22,97.03.28,248,284.6ton,인천국제공항,구매,국제항공운송사업
168,대한항공,HL7551,A330-300,172,97.04.28,22,97.05.30,276,215.28ton,김포공항,구매,국제항공운송사업
169,대한항공,HL7461,B747-400,26405,97.05.26,22,97.06.24,365,388.7ton,김해공항,구매,국제항공운송사업
170,대한항공,HL7524,A330-300,206,98.05.06,21,98.06.19,276,215.28ton,김포공항,구매,국제항공운송사업
171,대한항공,HL7525,A330-300,219,98.05.12,21,98.06.26,276,215.28ton,김포공항,구매,국제항공운송사업
172,대한항공,HL7538,A330-200,222,98.07.10,20,98.08.31,218,228.18ton,인천국제공항,임차,국제항공운송사업
173,대한항공,HL7539,A330-200,226,98.08.21,20,98.09.08,218,228.18ton,인천국제공항,임차,국제항공운송사업
174,대한항공,HL7540,A330-300,241,98.11.12,20,98.11.30,276,215.28ton,김포공항,구매,국제항공운송사업
175,대한항공,HL7526,B777-200,27947,98.05.28,21,98.12.29,248,286.9ton,인천국제공항,구매,국제항공운송사업
176,대한항공,HL7402,B747-400,26407,98.04.05,21,98.12.30,365,388.73ton,김포공항,구매,국제항공운송사업
177,대한항공,HL7552,A330-200,258,99.02.09,20,99.03.12,218,228.18ton,김해공항,임차,국제항공운송사업
178,대한항공,HL7553,A330-300,267,99.04.16,20,99.06.04,276,215.28ton,인천국제공항,구매,국제항공운송사업
179,대한항공,HL7532,B777-300,28371,98.08.13,20,99.08.12,338,272.97ton,인천국제공항,구매,국제항공운송사업
180,대한항공,HL7533,B777-300,27948,98.10.21,20,99.08.12,338,272.97ton,인천국제공항,구매,국제항공운송사업
181,대한항공,HL7554,A330-300,256,99.01.04,20,99.08.30,276,215.28ton,김포공항,구매,국제항공운송사업
182,대한항공,HL7534,B777-300,27950,98.01.04,21,99.12.28,338,272.97ton,인천국제공항,구매,국제항공운송사업
1,동광지엔티,HL1076,TU-206G,U20606801,83.11.18,35,04.08.25,6,1.633ton,김포공항,구매,항공기사용사업
2,동광지엔티,HL1277,T-206H,T20608366,02.05.22,17,18.05.28,6,1710kg,김포공항,구매,항공기사용사업
1,문화방송,HL9228,BELL412-EP,36129,96.11.22,22,96.11.22,9,5.397ton,김포공항,구매,자가용
1,미도지리정보,HL1139,T-206H,T20608992,10.06.15,9,11.05.25,6,1723kg,김포공항,구매,항공기사용사업
1,범아엔지니어링,HL5112,C-208B,208b1131,05.05.26,14,07.08.28,14,3.969ton,김포공항,임차,항공기사용사업
1,부산광역시,HL9454,BK117B-2,1115,97.04.23,22,07.12.06,10,3.35ton,부산시 해운대,구매,자가용
2,부산광역시,HL9499,AW139,41533,18.02.06,1,18.03.30,14,7000kg,부산시 해운대,구매,자가용
1,비행점검센터,HL7778,HAWKER 750,HB-74,11.12.07,7,13.03.25,8,12247kg,김포공항,구매,자가용
2,비행점검센터,HL7577,CL-600-2B16,5182,95.06.13,24,96.09.05,11,20.460ton,김포공항,구매,자가용
1,산림청,HL9176,BELL206L-3,51241,98.03.10,21,07.11.29,7,1.882ton,충남 청양,구매,자가용
2,산림청,HL9177,BELL206L-3,51242,88.04.21,31,07.11.29,7,1.882ton,경남 함양,구매,자가용
3,산림청,HL9178,BELL206L-3,51363,90.06.21,29,07.11.29,7,1.882ton,충남 청양,구매,자가용
4,산림청,HL9179,BELL206L-3,51563,92.03.26,27,07.11.29,7,1.882ton,경남 양산,구매,자가용
5,산림청,HL9180,BELL206L-3,51564,92.03.25,27,07.11.29,7,1.882ton,경남 함양,구매,자가용
6,산림청,HL9181,AS-350B2,2686,92.11.12,26,07.11.29,6,2.250ton,김포공항,구매,자가용
7,산림청,HL9183,AS-350B2,2688,93.02.12,26,07.11.29,6,2.25ton,강릉,구매,자가용
8,산림청,HL9184,AS-350B2,3742,03.09.22,15,07.11.29,6,2.25ton,울진비행장,구매,자가용
9,산림청,HL9409,KA-32T,9007,93.01.30,26,07.11.29,18,11ton,충남 청양,구매,자가용
10,산림청,HL9410,KA-32T,9008,93.01.30,26,07.11.29,18,11ton,경북안동,구매,자가용
11,산림청,HL9411,KA-32T,9201,95.03.02,24,07.11.29,18,11ton,경남 함양,구매,자가용
12,산림청,HL9412,KA-32T,9202,05.03.02,14,07.11.29,18,11ton,김포공항,구매,자가용
13,산림청,HL9414,KA-32T,9203,95.03.27,24,07.11.29,18,11ton,강원도 원주시 태장동,구매,자가용
14,산림청,HL9415,KA-32T,9010,93.04.14,26,07.11.29,18,11ton,경남 양산,구매,자가용
15,산림청,HL9416,KA-32T,9205,96.05.14,23,07.11.29,18,11ton,경남 함양,구매,자가용
16,산림청,HL9417,KA-32T,9206,96.05.13,23,07.11.29,18,11ton,충북 진천,구매,자가용
17,산림청,HL9418,KA-32T,9604,97.09.30,21,07.11.29,18,11ton,전북 익산,구매,자가용
18,산림청,HL9419,KA-32T,9605,97.10.08,21,07.11.29,18,11ton,김포공항,구매,자가용
19,산림청,HL9420,KA-32T,9606,97.10.08,21,07.11.29,18,11ton,울진비행장,구매,자가용
20,산림청,HL9421,KA-32T,9607,97.12.02,21,07.11.29,18,11ton,강릉,구매,자가용
21,산림청,HL9422,KA-32T,9608,97.12.17,21,07.11.29,18,11ton,경북안동,구매,자가용
22,산림청,HL9423,KA-32T,9609,98.09.19,20,07.11.29,18,11ton,원주,구매,자가용
23,산림청,HL9424,KA-32T,9610,99.01.01,20,07.11.29,18,11ton,전남 영암,구매,자가용
24,산림청,HL9425,KA-32T,9612,99.01.06,20,07.11.29,18,11ton,충남 청양,구매,자가용
25,산림청,HL9426,KA-32T,9613,99.09.25,19,07.11.29,18,11ton,울진비행장,구매,자가용
26,산림청,HL9427,KA-32T,9614,99.09.26,19,07.11.29,18,11ton,충북 진천,구매,자가용
27,산림청,HL9428,KA-32T,9615,00.09.20,18,07.11.29,18,11ton,강릉,구매,자가용
28,산림청,HL9429,KA-32T,9616,00.09.29,18,07.11.29,18,11ton,경남 양산,구매,자가용
29,산림청,HL9430,KA-32T,9619,01.10.29,17,07.11.29,18,11ton,전남 영암,구매,자가용
30,산림청,HL9431,KA-32T,9620,01.12.21,17,07.11.29,18,11ton,원주,구매,자가용
31,산림청,HL9432,KA-32T,9621,03.02.16,16,07.11.29,18,11ton,경북안동,구매,자가용
32,산림청,HL9433,KA-32T,9622,03.02.22,16,07.11.29,18,11ton,전북 익산,구매,자가용
33,산림청,HL9434,KA-32T,9623,04.12.05,14,07.11.29,18,11ton,충북 진천,구매,자가용
34,산림청,HL9435,KA-32T,9627,05.10.04,13,07.11.29,18,11ton,강릉,구매,자가용
35,산림청,HL9436,KA-32T,9711,06.03.28,13,07.11.29,18,11ton,제주도,구매,자가용
36,산림청,HL9437,KA-32A,9802,06.11.29,12,07.11.29,18,11ton,경남 함양,구매,자가용
37,산림청,HL9442,S-64E,64019,01.12.19,17,07.11.29,5,19.051ton,경북안동,구매,자가용
38,산림청,HL9443,S-64E,64038,06.08.10,12,07.11.29,5,64038ton,충북 진천,구매,자가용
39,산림청,HL9444,S-64E,64027,07.06.30,11,07.11.29,5,19.051ton,전북 익산,구매,자가용
40,산림청,HL9481,KA-32A,9821,08.12.27,10,09.01.20,16,11ton,김포공항,구매,자가용
41,산림청,HL9486,KA-32A,9822,09.12.10,9,09.12.28,16,11ton,원주 산림항공관리본부,구매,자가용
42,산림청,HL9193,AS-350B2,7207,11.08.17,7,11.09.26,6,2250kg,김포공항,구매,자가용
43,산림청,HL9608,BELL412SP,33152,87.10.31,31,14.04.29,15,5397kg,원주,구매,자가용
44,산림청,HL9305,BELL206L-3,51450,91.04.30,28,14.06.10,7,1882kg,경남 양산,구매,자가용
45,산림청,HL9306,BELL206L-3,51450,91.04.30,28,14.06.10,7,1882kg,경남 양산,구매,자가용
1,산림항공본부,HL9632,KUH-1FS,KUH-1FS-17-001,18.03.26,1,18.04.05,12,8709kg,전남 영암,구매,자가용
2,산림항공본부,HL9650,S-64E,64028,18.06.25,0,18.10.15,5,19051.2kg,원주,구매,자가용
1,삼부기술,HL1093,T-206H,T20608368,03.03.27,16,04.12.18,6,1.724ton,김포공항,구매,항공기사용사업
1,삼성병원,HL9274,EC-155B1,6752,06.11.13,12,06.12.14,6,4920kg,김포공항,구매,자가용
1,삼아항업,HL5116,C-208B,208B1122,05.04.07,14,09.02.10,11,3969kg,김포공항,구매,항공기사용사업
1,삼주이엔지,HL9198,AS-350B2,2987,97.07.03,21,12.01.20,6,2250kg,김해공항,구매,항공기사용사업
2,삼주이엔지,HL9308,AMT UH1H,73-22068,74.09.10,44,16.07.21,13,4319kg,김해공항,구매,항공기사용사업
1,새한항업(주),HL5113,C-208B,208B0949,02.04.19,17,07.10.01,11,4111kg,김포공항,구매,항공기사용사업
1,서**(833),HL1250,C23,M-1997,97.12.20,21,15.10.13,4,1111kg,김포공항,구매,자가용
1,서**(834),HL1108,M20R,29-0050,95.05.27,24,07.11.29,4,1.528ton,한서대학교 태안비행장,구매,자가용
1,서광항업(주),HL1113,T-206H,T20608405,03.08.20,15,09.07.17,6,3800lbs,김포공항,구매,항공기사용사업
1,서울시,HL9186,BELL206L-3,51347,90.03.30,29,07.11.23,7,1932kg,김포공항,구매,자가용
2,서울시,HL9447,AS-365N2,6518,97.07.10,21,07.11.23,14,4.25ton,김포공항,구매,자가용
3,서울시,HL9448,AS-365N2,6535,99.10.16,19,07.11.23,14,4.25ton,김포공항,구매,자가용
4,서울시,HL9639,AW189,49057,18.09.26,0,18.12.30,18,8600kg,김포공항,구매,자가용
1,세진항공,HL9187,BELL206L-3,51440,91.04.30,28,07.11.15,7,1882kg,한서대학교 태안비행장,구매,항공기사용사업
2,세진항공,HL9601,BO105 S,S-741,86.02.13,33,12.09.07,5,2500kg,한서대학교 태안비행장,구매,항공기사용사업
3,세진항공,HL9602,BO105 S,S-12,71.09.21,47,13.01.02,5,2500kg,한서대학교 태안비행장,구매,항공기사용사업
4,세진항공,HL9612,BO105 S,S-928,97.05.09,22,14.12.11,5,2500kg,한서대학교 태안비행장,구매,항공기사용사업
5,세진항공,HL9618,BO105 S,S-13,71.09.28,47,15.12.04,5,2500kg,한서대학교 태안비행장,구매,항공기사용사업
6,세진항공,HL9641,S-76A,760093,80.10.22,38,17.11.13,14,4899kg,한서대학교 태안비행장,구매,항공기사용사업
7,세진항공,HL9642,S-76A,760191,81.08.21,37,17.11.13,14,4899kg,한서대학교 태안비행장,구매,항공기사용사업
8,세진항공,HL9630,BO105 S,S-891,94.06.10,25,17.12.21,5,2500kg,한서대학교 태안비행장,구매,항공기사용사업
9,세진항공,HL9646,S-76B,760391,92.01.16,27,18.10.13,14,5307kg,한서대학교 태안비행장,구매,항공기사용사업
10,세진항공,HL9647,S-76B,760413,93.04.27,26,18.10.15,14,5307kg,한서대학교 태안비행장,구매,항공기사용사업
1,숭선학원,HL1184,SR20,1382,03.11.20,15,14.03.10,4,1361kg,김포공항,구매,항공기사용사업
1,스타항공,HL9607,MI-2,548720064,84.06.28,35,13.08.27,9,3550kg,예천군 감천면,임차,항공기사용사업
1,스페이스,HL5241,PA-31T,31T-7920028,79.01.23,40,18.09.11,7,9000lbs,김포공항,구매,항공기사용사업
1,신한항업,HL5117,C-208B,208B1123,05.04.18,14,09.07.17,11,3.969ton,김포공항,구매,항공기사용사업
1,써니항공,HL1157,C-172R,17280627,98.06.24,21,12.02.03,4,2450lbs,무안공항,구매,항공기사용사업
2,써니항공,HL2043,DA 42,42.AC094,07.11.01,11,15.07.14,4,1785kg,김포공항,구매,항공기사용사업
3,써니항공,HL1249,C-172S,172S10340,06.10.23,12,16.09.02,4,2550lbs,김포공항,구매,항공기사용사업
4,써니항공,HL2024,PA31-350,31-7852111,78.06.20,41,95.12.21,10,3.175ton,김포공항,구매,항공기사용사업
1,씨러스에비에이션,HL1263,SR22,1453,16.11.03,2,16.12.12,4,1542kg,김포공항,구매,항공기사용사업
1,씨에이엠,HL1278,LAKE 250,86,88.11.17,30,18.01.12,6,3140lbs,김포공항,구매,자가용
1,씨웨스트항공,HL1104,Z142,0393,85.03.15,34,07.05.29,2,1.09ton,한서대학교 태안비행장,구매,항공기사용사업
1,아리울항공교육원(유),HL1121,C-152,15282097,78.08.14,40,10.01.07,2,1670lbs,강원도 양양,구매,항공기사용사업
1,아세아항측,HL5114,C-208B,208B1261,07.07.19,11,07.10.25,14,8750lbs,김포공항,구매,항공기사용사업
1,아시아나항공,HL7594,A321-100,1356,00.11.02,18,00.11.15,200,78.0ton,대구공항,임차,국제항공운송사업
2,아시아나항공,HL7703,A321-100,1511,01.05.10,18,01.06.13,200,78.0ton,광주공항,임차,국제항공운송사업
3,아시아나항공,HL7436,B747-400F,29170,02.05.01,17,02.05.23,8,394.6ton,인천국제공항,임차,국제항공운송사업
4,아시아나항공,HL7700,B777-200,30859,02.05.08,17,02.05.24,294,293.9ton,김포공항,임구,국제항공운송사업
5,아시아나항공,HL7732,B777-200,29174,04.05.20,15,04.05.27,294,293.9ton,인천국제공항,임구,국제항공운송사업
6,아시아나항공,HL7736,A330-300,0640,04.11.10,14,04.12.20,290,230ton,인천국제공항,임차,국제항공운송사업
7,아시아나항공,HL7737,A320-200,2397,05.03.01,14,05.03.25,156,75.29ton,김포공항,임차,국제항공운송사업
8,아시아나항공,HL7738,A320-200,2459,05.05.27,14,05.06.24,156,75.29ton,김해공항,임차,국제항공운송사업
9,아시아나항공,HL7740,A330-300,0676,05.05.31,14,05.07.13,290,230ton,인천국제공항,임차,국제항공운송사업
10,아시아나항공,HL7739,B777-200,29175,05.07.12,13,05.08.04,295,286.9ton,인천국제공항,구매,국제항공운송사업
11,아시아나항공,HL7741,A330-300,0708,05.11.12,13,05.12.12,290,230ton,제주국제공항,임차,국제항공운송사업
12,아시아나항공,HL7746,A330-300,0772,06.06.02,13,06.07.12,290,176ton,김포공항,임차,국제항공운송사업
13,아시아나항공,HL7747,A330-300,0803,06.11.15,12,06.12.18,290,230ton,김해공항,임차,국제항공운송사업
14,아시아나항공,HL7755,B777-200,30861,07.06.14,12,07.06.28,295,286.9ton,제주국제공항,임구,국제항공운송사업
15,아시아나항공,HL7754,A330-300,0845,07.06.20,12,07.07.11,290,195ton,인천국제공항,임차,국제항공운송사업
16,아시아나항공,HL7756,B777-200,30860,07.08.20,11,07.08.28,295,286.9ton,김포공항,임구,국제항공운송사업
17,아시아나항공,HL7769,A320-200,3437,08.02.22,11,08.03.17,156,75.5ton,광주공항,임차,국제항공운송사업
18,아시아나항공,HL7772,A320-200,3483,08.04.11,11,08.05.06,156,75.5ton,김해공항,임차,국제항공운송사업
19,아시아나항공,HL7773,A320-200,3496,08.04.30,11,08.05.26,156,75.5ton,제주국제공항,임차,국제항공운송사업
20,아시아나항공,HL7776,A320-200,3641,08.09.23,10,08.10.10,156,75.5ton,인천국제공항,임차,국제항공운송사업
21,아시아나항공,HL7775,B777-200,30862,08.11.14,10,08.11.25,262,297.6ton,김포공항,임구,국제항공운송사업
22,아시아나항공,HL7792,A330-300,1001,09.03.05,10,09.04.23,290,195ton,김포공항,임차,국제항공운송사업
23,아시아나항공,HL7788,A320-200,3873,09.04.03,10,09.04.30,156,75.5ton,인천국제공항,임차,국제항공운송사업
24,아시아나항공,HL7793,A330-300,1055,09.09.10,9,09.10.27,290,195ton,제주국제공항,임차,국제항공운송사업
25,아시아나항공,HL7791,B777-200,35525,10.03.08,9,10.03.29,262,297.6ton,김포공항,임구,국제항공운송사업
26,아시아나항공,HL7794,A330-300,1151,10.08.31,8,10.09.27,275,233ton,인천국제공항,임차,국제항공운송사업
27,아시아나항공,HL7616,B747-400F,33748,04.09.17,14,10.12.17,8,397ton,인천국제공항,임차,국제항공운송사업
28,아시아나항공,HL8236,A321-200,1174,00.02.22,19,11.01.31,195,89ton,김포공항,임차,국제항공운송사업
29,아시아나항공,HL7795,A330-300,1211,11.02.25,8,11.03.23,275,233ton,제주국제공항,임차,국제항공운송사업
30,아시아나항공,HL8256,A321-200,5169,12.05.18,7,12.05.25,171,89ton,제주국제공항,임차,국제항공운송사업
31,아시아나항공,HL7620,B747-400(BDSF),29375,99.09.07,19,12.06.28,8,397ton,인천국제공항,임차,국제항공운송사업
32,아시아나항공,HL8257,A321-200,5173,12.06.23,6,12.06.30,171,89ton,제주국제공항,임차,국제항공운송사업
33,아시아나항공,HL8258,A330-300,1326,12.06.11,7,12.07.03,275,235ton,광주공항,임차,국제항공운송사업
34,아시아나항공,HL8254,B777-200,40198,12.06.19,7,12.07.18,246,297.6ton,인천국제공항,임구,국제항공운송사업
35,아시아나항공,HL7618,B747-400(BDSF),26343,92.05.30,27,12.08.20,6,397ton,인천국제공항,임차,국제항공운송사업
36,아시아나항공,HL8259,A330-300,1340,12.07.24,6,12.09.12,275,235ton,인천국제공항,임차,국제항공운송사업
37,아시아나항공,HL8265,A321-200,5287,12.08.27,6,12.09.12,171,89ton,인천국제공항,임차,국제항공운송사업
38,아시아나항공,HL8267,A321-200,5382,12.12.06,6,12.12.13,171,89ton,인천국제공항,임차,국제항공운송사업
39,아시아나항공,HL8277,A321-200,5462,13.01.30,6,13.02.06,171,89ton,인천국제공항,임차,국제항공운송사업
40,아시아나항공,HL8278,A321-200,5500,13.02.22,6,13.03.11,171,89ton,제주국제공항,임차,국제항공운송사업
41,아시아나항공,HL8279,A321-200,5636,13.05.21,6,13.06.03,171,89ton,인천국제공항,임차,국제항공운송사업
42,아시아나항공,HL8282,A330-300,1435,13.06.24,5,13.07.15,290,230ton,인천국제공항,임차,국제항공운송사업
43,아시아나항공,HL8284,B777-200,40199,13.07.17,5,13.07.26,246,297.6ton,김포공항,임차,국제항공운송사업
44,아시아나항공,HL8286,A330-300,1464,13.10.22,5,13.11.13,290,230ton,김포공항,임차,국제항공운송사업
45,아시아나항공,HL8293,A330-300,1518,14.03.28,5,14.04.17,290,230ton,김포공항,임차,국제항공운송사업
46,아시아나항공,HL7625,A380-800,152,13.12.13,5,14.05.28,495,569ton,인천국제공항,임구,국제항공운송사업
47,아시아나항공,HL7626,A380-800,155,14.02.25,5,14.07.24,495,569ton,인천국제공항,임구,국제항공운송사업
48,아시아나항공,HL8004,A321-200,6299,14.09.26,4,14.10.01,171,89ton,제주국제공항,임차,국제항공운송사업
49,아시아나항공,HL8018,A321-200,6395,14.12.17,4,14.12.22,171,89ton,제주국제공항,임차,국제항공운송사업
50,아시아나항공,HL7634,A380-800,179,14.12.17,4,15.05.07,495,569ton,인천국제공항,임구,국제항공운송사업
51,아시아나항공,HL7635,A380-800,183,15.02.10,4,15.06.08,495,569ton,인천국제공항,임구,국제항공운송사업
52,아시아나항공,HL8038,A321-200,6768,15.09.08,3,15.09.17,171,89ton,김포공항,임차,국제항공운송사업
53,아시아나항공,HL8039,A321-200,6796,15.10.01,3,15.10.07,171,89ton,김포공항,임차,국제항공운송사업
54,아시아나항공,HL8059,A321-200,7052,16.04.08,3,16.04.18,171,89ton,김포공항,임차,국제항공운송사업
55,아시아나항공,HL8060,A321-200,7133,16.05.20,3,16.05.30,171,89.0ton,김포공항,임차,국제항공운송사업
56,아시아나항공,HL8071,A321-200,7266,16.08.09,2,16.08.17,171,89.0ton,김포공항,임차,국제항공운송사업
57,아시아나항공,HL7640,A380-800,230,16.05.17,3,16.10.25,495,569ton,김포공항,임구,국제항공운송사업
58,아시아나항공,HL8074,A321-200,7422,16.12.05,2,16.12.08,171,89ton,인천국제공항,임차,국제항공운송사업
59,아시아나항공,HL7641,A380-800,0231,16.08.10,2,16.12.22,495,569ton,인천국제공항,임구,국제항공운송사업
60,아시아나항공,HL8078,A350-900,0094,17.03.28,2,17.04.24,311,268ton,인천국제공항,임차,국제항공운송사업
61,아시아나항공,HL8079,A350-900,0117,17.06.29,1,17.07.19,311,268ton,김포공항,임차,국제항공운송사업
62,아시아나항공,HL7578,A350-900,0144,17.09.05,1,17.09.26,311,268ton,김포공항,임차,국제항공운송사업
63,아시아나항공,HL7579,A350-900,0176,17.12.06,1,17.12.27,311,268ton,김포공항,임차,국제항공운송사업
64,아시아나항공,HL7771,A350-900,0198,18.02.19,1,18.04.10,311,275ton,김포공항,임차,국제항공운송사업
65,아시아나항공,HL8308,A350-900,0218,18.06.11,1,18.07.03,311,275ton,인천국제공항,임차,국제항공운송사업
66,아시아나항공,HL8359,A350-900,0224,19.02.20,0,19.04.01,311,275ton,김포공항,임차,국제항공운송사업
67,아시아나항공,HL8360,A350-900,0234,19.02.20,0,19.04.16,311,275ton,인천국제공항,임차,국제항공운송사업
68,아시아나항공,HL7413,B747-400SF,25405,91.09.27,27,91.11.01,8,394.6ton,김포공항,구매,국제항공운송사업
69,아시아나항공,HL7414,B747-400SF,25452,91.12.05,27,92.01.07,8,394.6ton,김포공항,구매,국제항공운송사업
70,아시아나항공,HL7415,B747-400SF,25777,92.10.30,26,92.12.03,8,396.8ton,김포공항,구매,국제항공운송사업
71,아시아나항공,HL7417,B747-400F,25779,93.11.08,25,93.12.03,8,394.6ton,김포공항,구매,국제항공운송사업
72,아시아나항공,HL7247,B767-300,25757,93.11.02,25,94.01.31,250,156.4ton,김포공항,구매,국제항공운송사업
73,아시아나항공,HL7418,B747-400,25780,94.06.23,25,94.09.22,359,394.6ton,김포공항,구매,국제항공운송사업
74,아시아나항공,HL7419,B747-400F,25781,94.10.13,24,94.11.04,8,394.6ton,김해공항,구매,국제항공운송사업
75,아시아나항공,HL7420,B747-400F,25783,95.06.14,24,95.06.27,8,394.6ton,인천국제공항,구매,국제항공운송사업
76,아시아나항공,HL7248,B767-300,25758,95.06.07,24,95.07.12,250,163.29ton,김포공항,구매,국제항공운송사업
77,아시아나항공,HL7421,B747-400,25784,96.08.07,22,96.08.16,264,394.6ton,김포공항,임구,국제항공운송사업
78,아시아나항공,HL7507,B767-300F,25761,96.08.02,22,96.08.23,6,186.8ton,김포공항,임구,국제항공운송사업
79,아시아나항공,HL7506,B767-300,25760,96.12.07,22,96.12.19,250,156.4ton,김해공항,임구,국제항공운송사업
80,아시아나항공,HL7514,B767-300,25763,97.04.14,22,97.04.22,250,156.4ton,김포공항,임구,국제항공운송사업
81,아시아나항공,HL7515,B767-300,25762,97.04.22,22,97.05.23,250,156.4ton,김포공항,임구,국제항공운송사업
82,아시아나항공,HL7423,B747-400,25782,97.05.22,22,97.05.30,264,394.6ton,김포공항,임구,국제항공운송사업
83,아시아나항공,HL7516,B767-300,25759,97.07.15,21,97.07.17,250,156.4ton,김포공항,임구,국제항공운송사업
84,아시아나항공,HL7428,B747-400,28552,98.05.29,21,99.06.18,359,394.6ton,김포공항,구매,국제항공운송사업
85,아시아나항공,HL7528,B767-300,29129,98.03.12,21,99.09.30,250,156.4ton,광주공항,구매,국제항공운송사업
1,아시아조종사교육원,HL1191,C-172S,172S9064,02.04.11,17,13.12.12,4,2550lbs,양양국제공항,구매,항공기사용사업
1,안**(1082),HL6141,R-44Ⅱ,10387,04.06.04,15,04.09.13,4,1139kg,김포공항,구매,자가용
1,에스엔케이,HL5109,AT-502,502B-0376,96.10.15,22,96.12.24,1,4.263ton,김포공항,구매,항공기사용사업
1,에스오씨항공비행교육,HL1154,C-172P,17274401,80.11.13,38,12.01.06,4,2400lbs,김포공항,구매,항공기사용사업
2,에스오씨항공비행교육,HL1166,C-152,15280237,97.08.19,21,13.03.27,2,1670lbs,김포공항,구매,항공기사용사업
3,에스오씨항공비행교육,HL1239,C-172R,17280597,98.10.05,20,15.06.29,4,2450lbs,양양공항,구매,항공기사용사업
4,에스오씨항공비행교육,HL1279,LIBERTY XL-2,0111,08.07.29,10,18.06.28,2,749.8kg,양양국제공항,구매,자가용
1,에어로피스,HL9286,BELL214ST,28129,84.05.25,35,04.07.15,20,7.938ton,김포산업단지,임차,항공기사용사업
2,에어로피스,HL9170,AS-350B2,2773,94.01.17,25,05.10.25,5,2250kg,김포산업단지,구매,항공기사용사업
3,에어로피스,HL9275,S-61N,61736,74.11.14,44,06.10.30,39,9.299ton,김포산업단지,구매,항공기사용사업
4,에어로피스,HL9297,S-61N,61735,74.11.14,44,06.10.30,39,9.979ton,김포산업단지,구매,항공기사용사업
5,에어로피스,HL9478,S-61N,61033,80.11.14,38,08.11.14,39,9.977ton,김포산업단지,임차,항공기사용사업
6,에어로피스,HL9484,S-61N,61720,74.03.28,45,09.11.06,39,9.299ton,김포산업단지,임차,항공기사용사업
7,에어로피스,HL9620,AS-365N2,6528,97.10.02,21,16.12.02,13,4250kg,김포산업단지,구매,항공기사용사업
8,에어로피스,HL9243,BK117B-1,1025,89.09.19,29,90.05.07,10,3.35ton,김포산업단지,임차,항공기사용사업
9,에어로피스,HL9135,MD-500N,LN 044,92.09.09,26,96.11.25,5,1.52ton,김포산업단지,임차,항공기사용사업
1,에어부산,HL7711,A321-200,1636,01.11.27,17,02.01.15,177,89.0ton,김해공항,임차,국제항공운송사업
2,에어부산,HL7713,A321-200,1734,02.04.25,17,02.05.17,195,89.0ton,김해공항,임차,국제항공운송사업
3,에어부산,HL7722,A321-200,2041,03.08.22,15,03.11.03,177,89.0ton,김해공항,임차,국제항공운송사업
4,에어부산,HL7723,A321-200,2045,03.10.13,15,03.11.17,177,89.0ton,김해공항,임차,국제항공운송사업
5,에어부산,HL7729,A321-200,2110,04.01.08,15,04.01.29,195,89.0ton,김해공항,임차,국제항공운송사업
6,에어부산,HL7730,A321-200,2226,04.04.20,15,04.05.14,195,89.0ton,김해공항,임차,국제항공운송사업
7,에어부산,HL7731,A321-200,2247,04.06.01,15,04.06.25,195,89.0ton,김해공항,임차,국제항공운송사업
8,에어부산,HL7735,A321-200,2290,04.08.30,14,04.09.17,195,89.0ton,김해공항,임차,국제항공운송사업
9,에어부산,HL7744,A320-200,2808,06.05.30,13,06.06.23,162,73.5ton,김해공항,임차,국제항공운송사업
10,에어부산,HL7745,A320-200,2840,06.06.29,12,06.07.25,162,73.5ton,김해공항,임차,국제항공운송사업
11,에어부산,HL7753,A320-200,2943,06.10.19,12,06.11.13,162,75.5ton,김해공항,임차,국제항공운송사업
12,에어부산,HL7761,A321-200,1227,00.05.09,19,07.08.04,191,89.0ton,김해공항,임차,국제항공운송사업
13,에어부산,HL7763,A321-200,3297,07.10.30,11,07.11.13,177,89.0ton,김해공항,임차,국제항공운송사업
14,에어부산,HL8213,A321-200,1970,03.05.07,16,11.01.07,195,93ton,김해공항,임차,국제항공운송사업
15,에어부산,HL7712,A321-200,1670,02.01.24,17,11.03.25,177,89.0ton,김해공항,임차,국제항공운송사업
16,에어부산,HL8055,A320-200,2732,06.03.14,13,16.01.15,162,77.4ton,김해공항,임차,국제항공운송사업
17,에어부산,HL8065,A320-200,2422,05.04.04,14,16.06.20,162,77.4ton,김해공항,임차,국제항공운송사업
18,에어부산,HL8066,A320-200,2430,05.04.13,14,16.06.24,162,77.4ton,김해공항,임차,국제항공운송사업
19,에어부산,HL8072,A321-200,2933,06.11.02,12,16.12.01,220,89ton,김해공항,임차,국제항공운송사업
20,에어부산,HL8073,A321-200,2927,06.10.26,12,17.01.26,220,89ton,김해공항,임차,국제항공운송사업
21,에어부산,HL7210,A321-200,7754,17.07.12,1,17.08.11,220,89ton,김해공항,임차,국제항공운송사업
22,에어부산,HL8099,A321-200,7923,17.10.20,1,17.10.30,220,89ton,김해공항,임차,국제항공운송사업
23,에어부산,HL7211,A321-200,7915,17.10.11,1,17.11.13,220,89ton,김해공항,임차,국제항공운송사업
24,에어부산,HL8309,A320-200,4990,12.01.12,7,18.06.29,180,77ton,김해공항,임차,국제항공운송사업
25,에어부산,HL8328,A320-200,5011,12.02.17,7,18.08.02,180,77ton,김해공항,임차,국제항공운송사업
26,에어부산,HL8365,A321-200,3862,09.04.20,10,19.05.08,220,93ton,김해공항,임차,국제항공운송사업
1,에어서울,HL7789,A321-200,4112,09.11.19,9,09.12.01,171,89ton,인천국제공항,임차,국제항공운송사업
2,에어서울,HL7790,A321-200,4142,09.12.14,9,09.12.22,171,89ton,김포공항,임차,국제항공운송사업
3,에어서울,HL8255,A321-200,5035,12.02.02,7,12.02.14,171,89ton,인천국제공항,임차,국제항공운송사업
4,에어서울,HL8266,A321-200,5350,12.10.16,6,12.11.06,171,89ton,인천국제공항,임차,국제항공운송사업
5,에어서울,HL8280,A321-200,5767,13.09.02,5,13.09.12,171,89ton,김포공항,임차,국제항공운송사업
6,에어서울,HL8281,A321-200,5774,13.09.18,5,13.10.01,171,89ton,김포공항,임차,국제항공운송사업
7,에어서울,HL7212,A321-200,7985,17.11.23,1,17.12.18,220,89ton,인천국제공항,임차,국제항공운송사업
1,에어인천,HL8271,B737-400,24912,91.06.14,28,13.02.08,8,64636kg,인천국제공항,임차,국제항공운송사업
2,에어인천,HL8319,B767-300,25202,92.07.01,26,18.04.05,6,412000lbs,인천국제공항,임차,국제항공운송사업
1,에어팰리스,HL9142,AS-350B2,2618,92.02.28,27,00.05.13,6,2250kg,김포공항,구매,항공기사용사업
2,에어팰리스,HL9155,AS-350B2,9036,01.04.23,18,03.01.09,6,2250kg,김포공항,구매,항공기사용사업
3,에어팰리스,HL9490,S-61N,61468,69.05.26,50,10.06.30,25,20500lbs,김포공항,구매,항공기사용사업
4,에어팰리스,HL9645,S-61N,61740,75.02.28,44,17.12.19,28,22000lbs,김포공항,구매,항공기사용사업
5,에어팰리스,HL9312,AS-350B2,2681,92.12.10,26,18.11.20,6,2250kg,김포공항,구매,항공기사용사업
6,에어팰리스,HL9651,S-61N,61766,77.04.13,42,18.11.22,28,20500lbs,김포공항,구매,항공기사용사업
7,에어팰리스,HL9214,BK117B-1,1085,94.08.16,24,95.08.02,10,3.2ton,김포공항,구매,자가용
1,에어포항,HL8298,CL-600-2B19,7834,03.08.27,15,18.01.08,50,23133kg,포항공항,구매,소형항공기운송사업
1,에어필립,HL8310,EMB-145EP,145418,01.04.11,18,18.01.30,50,20990kg,무안공항,임차,소형항공기운송사업
2,에어필립,HL8320,EMB-145LR,145306,00.09.04,18,18.10.01,50,22000kg,무안공항,임차,소형항공기운송사업
3,에어필립,HL8330,EMB-145LR,145381,18.12.18,0,18.11.15,50,22000kg,무안공항,임차,소형항공기운송사업
1,에이스항공,HL5234,L410UVP-E20,072628,07.09.22,11,07.12.04,21,6.6ton,김해공항,구매,자가용
2,에이스항공,HL9402,SW-4,60.02.02,05.05.27,14,08.02.26,5,1.8ton,김포공항,구매,자가용
1,엔에프에어 주식회사,HL1217,T-206H,T20609087,13.04.04,6,15.04.07,6,3792lbs,제천,구매,항공기사용사업
1,오**(1172),HL1276,C-152,152-85430,82.09.02,36,17.08.14,2,1670lbs,전남 영암군,구매,자가용
1,우리항공,HL9613,S-76B,760346,88.02.15,31,15.03.16,2,11700lbs,김포산업단지,임차,자가용
2,우리항공,HL9634,S-76A++,760298,90.06.15,29,16.12.28,14,4898kg,김포산업단지,구매,항공기사용사업
3,우리항공,HL9248,S-76B,760382,91.09.21,27,91.09.21,14,5.307ton,김포산업단지,구매,항공기사용사업
4,우리항공,HL9250,S-76B,760404,93.06.05,26,93.10.21,14,5.307ton,김포공항,구매,항공기사용사업
1,울산광역시,HL9407,KA-32T,96-17,00.11.21,18,07.12.05,18,11ton,울산광역시 울주군,구매,자가용
1,유비에어,HL9161,BELL206L-3,51204,87.03.05,32,04.01.08,7,1.882ton,대전 헬리코리아 헬기장,구매,항공기사용사업
2,유비에어,HL9162,BELL206L-3,51174,86.03.21,33,04.02.05,7,1.882ton,대전 헬리코리아 헬기장,구매,항공기사용사업
3,유비에어,HL9288,KA-32A,8710,92.02.10,27,05.10.07,15,11ton,대전 헬리코리아 헬기장,구매,항공기사용사업
4,유비에어,HL9406,KA-32A,55-03/014,86.09.30,32,08.02.18,15,11ton,헬리코리아 헬기장,구매,항공기사용사업
5,유비에어,HL9197,B407,53082,96.11.30,22,11.11.21,7,2267kg,대전 헬리코리아 헬기장,구매,항공기사용사업
6,유비에어,HL9304,H-369D,590519 D,79.05.01,40,14.05.21,5,1360kg,헬리코리아 헬기장,구매,항공기사용사업
7,유비에어,HL9103,H-369D,1260043D,77.02.13,42,77.07.30,5,1.519ton,김포공항,구매,항공기사용사업
1,유아이헬리제트,HL9165,BELL206L-3,51271,89.02.02,30,04.12.13,6,1.927ton,예산 한벨헬기장,구매,항공기사용사업
2,유아이헬리제트,HL9290,KA-32A,90-05/008,92.12.31,26,06.09.26,16,12.7ton,예산 한벨헬기장,구매,항공기사용사업
3,유아이헬리제트,HL9295,KA-32A,59-02/009,87.12.20,31,07.01.16,16,12.7ton,예산 한벨헬기장,구매,항공기사용사업
4,유아이헬리제트,HL9307,BELL206L-4,52204,98.01.30,21,15.01.27,7,2064kg,한벨 헬기장,구매,항공기사용사업
5,유아이헬리제트,HL9615,AW109SP,22352,15.12.16,3,15.12.30,7,3175kg,충남 예산,구매,항공기사용사업
6,유아이헬리제트,HL9624,AW109SP,22354,16.03.27,3,16.03.25,8,3175kg,충남 예산,구매,항공기사용사업
7,유아이헬리제트,HL9625,AW109SP,22357,16.05.13,3,16.05.23,8,3175kg,충남 예산,구매,항공기사용사업
1,이**(1265),HL1102,P206E,P20600646,64.10.01,54,06.05.23,6,1.633ton,김포공항,구매,자가용
2,이**(1265),HL1123,R172K,R1722748,78.03.08,41,10.02.10,4,2550lbs,김포공항,구매,자가용
1,이스타항공,HL7567,B737-800,28647,01.06.03,18,01.06.28,189,79ton,청주국제공항,임차,국제항공운송사업
2,이스타항공,HL8269,B737-800,30684,05.04.15,14,12.07.04,189,79.015ton,김포공항,임차,국제항공운송사업
3,이스타항공,HL8023,B737-800,28574,98.07.29,20,14.11.07,189,79015kg,군산공항,임차,국제항공운송사업
4,이스타항공,HL8029,B737-800,28576,98.09.30,20,14.12.24,189,79.015ton,군산공항,임차,국제항공운송사업
5,이스타항공,HL8028,B737-800,30625,02.11.12,16,15.01.26,189,70.534ton,군산공항,임차,국제항공운송사업
6,이스타항공,HL8035,B737-800,33019,04.05.14,15,15.06.19,189,79.015ton,군산공항,임차,국제항공운송사업
7,이스타항공,HL8036,B737-800,28655,01.09.10,17,15.06.26,189,79.015ton,군산공항,임차,국제항공운송사업
8,이스타항공,HL8048,B737-800,34710,06.12.21,12,15.10.01,189,79015kg,군산공항,임차,국제항공운송사업
9,이스타항공,HL8052,B737-800,37761,11.12.30,7,16.03.15,189,79.015ton,군산공항,임차,국제항공운송사업
10,이스타항공,HL8053,B737-800,37766,12.05.03,7,16.04.08,189,79015kg,군산공항,임차,국제항공운송사업
11,이스타항공,HL8057,B737-800,37767,12.06.12,7,16.06.09,189,79.015ton,청주국제공항,임차,국제항공운송사업
12,이스타항공,HL8058,B737-800,37770,12.09.19,6,16.06.30,189,79015kg,청주국제공항,임차,국제항공운송사업
13,이스타항공,HL8096,B737-900ER,35710,07.06.12,12,17.07.13,213,78.017ton,청주국제공항,임차,국제항공운송사업
14,이스타항공,HL8097,B737-900ER,35711,07.07.16,11,17.10.26,213,78.017ton,청주국제공항,임차,국제항공운송사업
15,이스타항공,HL8231,B737-800,33975,05.05.12,14,17.11.08,189,79.015ton,청주국제공항,임차,국제항공운송사업
16,이스타항공,HL8325,B737-800,29659,10.05.28,9,18.06.03,189,79.015ton,청주국제공항,임차,국제항공운송사업
17,이스타항공,HL8342,B737-800,40237,10.10.27,8,18.10.30,189,79015ton,청주국제공항,임차,국제항공운송사업
18,이스타항공,HL8343,B737-800,40240,10.12.03,8,18.12.12,189,79ton,청주국제공항,임차,국제항공운송사업
19,이스타항공,HL8340,B737-8,60458,18.12.19,0,18.12.19,189,82.2ton,청주국제공항,임차,국제항공운송사업
20,이스타항공,HL8341,B737-8,60459,18.12.29,0,18.12.29,189,82.2ton,청주국제공항,임차,국제항공운송사업
21,이스타항공,HL8344,B737-800,40242,11.01.21,8,19.02.27,189,79.015ton,김포공항,임차,국제항공운송사업
1,인천광역시,HL9408,BELL230,23032,95.02.01,24,07.11.23,10,3.81ton,인천시 중구 운북동,구매,자가용
2,인천광역시,HL9277,AW139,41286,12.06.01,7,13.03.04,14,6400kg,인천시 중구 운북동,구매,자가용
1,일현학원,HL2040,DA 42,42.AC021,06.12.06,12,14.11.11,4,1785kg,김포공항,구매,자가용
1,전라남도,HL9458,BK117B-2,1119,98.08.26,20,07.12.05,10,3.35ton,전남 영암,구매,자가용
2,전라남도,HL9459,BELL430,49104,05.04.01,14,07.12.05,8,4.2ton,전남 영암,구매,자가용
1,전라북도,HL9445,BK117B-2,1090,93.09.16,25,07.12.05,10,3.35ton,완주,구매,자가용
1,제**(1297),HL1153,C-172S,172S8661,00.11.27,18,11.12.19,4,2550lbs,무안공항,구매,항공기사용사업
1,제일항업,HL5111,C-208,20800328,00.07.28,18,00.11.16,10,3.628ton,김포공항,구매,항공기사용사업
1,제주소방안전본부,HL9633,KUH-1EM,KUH-1EM-17-001,18.03.26,1,18.04.06,12,8709kg,제주소방안전본부,,자가용
1,제주항공,HL7780,B737-800,28827,00.01.29,19,08.07.20,189,79.015ton,제주국제공항,임차,국제항공운송사업
2,제주항공,HL8206,B737-800,30877,01.03.02,18,09.09.29,186,79.015ton,제주국제공항,임차,국제항공운송사업
3,제주항공,HL8234,B737-800,30285,02.11.14,16,10.11.19,189,79.015ton,제주국제공항,임차,국제항공운송사업
4,제주항공,HL8239,B737-800,29344,01.05.01,18,11.06.16,189,79.000ton,제주국제공항,임차,국제항공운송사업
5,제주항공,HL8260,B737-800,30622,02.03.16,17,12.03.15,186,79.015ton,제주국제공항,임차,국제항공운송사업
6,제주항공,HL8261,B737-800,30624,02.07.26,16,12.09.17,186,79.015ton,제주국제공항,임차,국제항공운송사업
7,제주항공,HL8287,B737-800,30665,04.01.30,15,13.06.03,189,79015kg,제주국제공항,임차,국제항공운송사업
8,제주항공,HL8295,B737-800,30694,06.02.08,13,14.02.06,186,79015kg,제주국제공항,임차,국제항공운송사업
9,제주항공,HL8297,B737-800,30673,04.05.04,15,14.03.14,186,79015kg,제주국제공항,임차,국제항공운송사업
10,제주항공,HL8296,B737-800,30695,04.03.01,15,14.04.04,186,79015kg,제주국제공항,임차,국제항공운송사업
11,제주항공,HL8019,B737-800,32694,06.05.19,13,14.06.27,189,79.015ton,제주국제공항,임차,국제항공운송사업
12,제주항공,HL8020,B737-800,32683,06.12.12,12,14.12.01,189,79015kg,제주국제공항,임차,국제항공운송사업
13,제주항공,HL8031,B737-800,37361,10.12.10,8,15.02.12,189,79015kg,제주국제공항,임차,국제항공운송사업
14,제주항공,HL8032,B737-800,36367,10.03.10,9,15.03.31,186,70987kg,제주국제공항,임차,국제항공운송사업
15,제주항공,HL8034,B737-800,38101,11.10.10,7,15.04.10,189,79015kg,제주국제공항,임차,국제항공운송사업
16,제주항공,HL8033,B737-800,35071,06.12.12,12,15.05.19,189,79015kg,제주국제공항,임차,국제항공운송사업
17,제주항공,HL8049,B737-800,36570,08.04.10,11,15.11.13,189,79015kg,제주국제공항,임차,국제항공운송사업
18,제주항공,HL8050,B737-800,36571,08.04.10,11,15.11.27,189,79105kg,제주국제공항,임차,국제항공운송사업
19,제주항공,HL8051,B737-800,36573,08.04.17,11,15.12.14,189,79015kg,제주국제공항,임차,국제항공운송사업
20,제주항공,HL8061,B737-800,37514,08.12.02,10,16.02.11,189,74990kg,제주국제공항,임차,국제항공운송사업
21,제주항공,HL8062,B737-800,33634,08.12.19,10,16.04.04,189,79015kg,제주국제공항,임차,국제항공운송사업
22,제주항공,HL8063,B737-800,37519,09.01.21,10,16.04.18,189,79015kg,제주국제공항,임차,국제항공운송사업
23,제주항공,HL8064,B737-800,37532,09.05.06,10,16.07.04,189,79015kg,제주국제공항,임차,국제항공운송사업
24,제주항공,HL8087,B737-800,35018,09.11.05,9,16.12.09,189,79015kg,제주공항,임차,국제항공운송사업
25,제주항공,HL8088,B737-800,37541,09.09.04,9,17.02.03,189,79015kg,제주국제공항,임차,국제항공운송사업
26,제주항공,HL8090,B737-800,37540,09.07.24,9,17.03.24,189,79015kg,제주국제공항,임차,국제항공운송사업
27,제주항공,HL8089,B737-800,37543,09.09.11,9,17.04.21,189,79015kg,제주국제공항,임차,국제항공운송사업
28,제주항공,HL7213,B737-800,36814,09.09.02,9,17.09.18,189,78999kg,제주국제공항,임차,국제항공운송사업
29,제주항공,HL8301,B737-800,29646,07.06.08,12,17.12.18,189,79000kg,제주국제공항,임차,국제항공운송사업
30,제주항공,HL8304,B737-800,37816,10.03.03,9,18.02.26,189,78999kg,제주국제공항,임차,국제항공운송사업
31,제주항공,HL8303,B737-800,30826,05.06.23,14,18.04.11,189,79000kg,제주국제공항,임차,국제항공운송사업
32,제주항공,HL8302,B737-800,29671,05.05.02,14,18.05.04,189,79000kg,제주국제공항,임차,국제항공운송사업
33,제주항공,HL8316,B737-800,64177,18.07.17,0,18.07.17,189,79000kg,제주국제공항,구매,국제항공운송사업
34,제주항공,HL8305,B737-800,37817,10.08.11,8,18.07.30,189,79000kg,제주국제공항,임차,국제항공운송사업
35,제주항공,HL8317,B737-800,64178,18.08.21,0,18.08.21,189,79000kg,제주국제공항,구매,국제항공운송사업
36,제주항공,HL8318,B737-800,64179,18.10.16,0,18.10.16,189,79000kg,제주국제공항,임구,국제항공운송사업
37,제주항공,HL8331,B737-800,39009,11.09.29,7,18.11.06,189,79000kg,제주국제공항,임차,국제항공운송사업
38,제주항공,HL8321,B737-800,35134,07.01.23,12,18.12.21,189,79000kg,제주국제공항,임차,국제항공운송사업
39,제주항공,HL8332,B737-800,39010,11.12.19,7,19.01.29,189,79000kg,제주국제공항,임차,국제항공운송사업
40,제주항공,HL8322,B737-800,34690,07.02.21,12,19.02.15,189,79000kg,제주국제공항,임차,국제항공운송사업
41,제주항공,HL8333,B737-800,39013,12.05.21,7,19.04.16,189,79000kg,제주국제공항,임차,국제항공운송사업
42,제주항공,HL8334,B737-800,39014,12.06.11,7,19.05.03,189,79000kg,제주국제공항,임차,국제항공운송사업
43,제주항공,HL8337,B737-800,35983,11.04.19,8,19.06.06,189,79000kg,제주국제공항,임차,국제항공운송사업
1,주식회사 신한에어,HL5120,C-208B,208B2290,11.06.29,7,16.04.12,10,8750lbs,무안공항,구매,소형항공기운송사업
1,중앙119구조본부,HL9451,AS-365N2,6504,97.01.24,22,07.12.05,14,4.25ton,경기도 남양주,구매,자가용
2,중앙119구조본부,HL9452,AS-365N2,6549,99.12.10,19,07.12.05,14,4.25ton,대구 달성군,구매,자가용
3,중앙119구조본부,HL9472,EC 225,2702,08.12.16,10,09.01.20,28,11ton,경기도 남양주,구매,자가용
4,중앙119구조본부,HL9619,EC225LP,2987,15.12.18,3,16.03.15,27,11000kg,대구 구지면 구지서로,구매,자가용
1,중앙항업,HL5115,C-208B,208B2011,08.05.26,11,08.12.24,11,3.969ton,김포공항,구매,항공기사용사업
2,중앙항업,HL1114,T-206H,T20608823,08.06.18,11,09.09.22,6,3800lbs,김포공항,구매,항공기사용사업
1,중원대학교,HL1231,C-172S,172S9843,05.06.15,14,15.12.01,4,2550lbs,무안공항,구매,자가용
2,중원대학교,HL1232,C-172S,172S9852,05.06.16,14,15.12.01,4,2550lbs,무안공항,구매,자가용
3,중원대학교,HL1233,C-172S,172S10509,07.05.24,12,15.12.01,4,2550lbs,무안공항,구매,자가용
4,중원대학교,HL1273,C-172S,172S12044,17.06.05,2,17.09.04,4,2550lbs,무안공항,구매,자가용
1,진에어,HL7555,B737-800,30230,99.12.09,19,00.01.20,189,79ton,인천국제공항,임차,국제항공운송사업
2,진에어,HL7556,B737-800,28615,00.01.14,19,00.02.22,189,79015kg,제주국제공항,임차,국제항공운송사업
3,진에어,HL7557,B737-800,28622,00.04.25,19,00.05.26,189,79ton,김포공항,임차,국제항공운송사업
4,진에어,HL7558,B737-800,28625,00.05.27,19,00.06.14,189,79015kg,김포공항,임차,국제항공운송사업
5,진에어,HL7559,B737-800,28626,00.06.23,19,00.07.20,189,79ton,김포공항,임차,국제항공운송사업
6,진에어,HL7561,B737-800,29982,00.08.28,18,00.09.22,189,79ton,인천국제공항,임차,국제항공운송사업
7,진에어,HL7562,B737-800,29983,00.09.15,18,00.10.11,189,79ton,인천국제공항,임차,국제항공운송사업
8,진에어,HL7563,B737-800,28636,01.01.02,18,01.01.29,189,79ton,김포공항,임차,국제항공운송사업
9,진에어,HL7564,B737-800,28638,01.01.13,18,01.02.08,189,79ton,인천국제공항,임차,국제항공운송사업
10,진에어,HL7565,B737-800,29984,01.04.26,18,01.05.22,189,78.997ton,김포공항,임차,국제항공운송사업
11,진에어,HL7733,B777-200,34206,05.05.09,14,05.06.29,393,292.56ton,인천국제공항,임차,국제항공운송사업
12,진에어,HL7734,B777-200,34207,05.07.06,13,05.07.28,393,292.56ton,인천국제공항,임차,국제항공운송사업
13,진에어,HL7743,B777-200,34208,06.08.03,12,06.08.29,393,292.56ton,인천국제공항,임차,국제항공운송사업
14,진에어,HL7750,B777-200,34209,07.05.09,12,07.05.10,393,292.56ton,김포공항,임차,국제항공운송사업
15,진에어,HL7786,B737-800,37163,09.06.18,10,09.07.15,147,79ton,김포공항,임차,국제항공운송사업
16,진에어,HL8224,B737-800,38822,11.06.25,7,11.07.19,138,74.4ton,제주국제공항,임차,국제항공운송사업
17,진에어,HL8225,B737-800,38823,11.10.05,7,11.11.07,138,74.4ton,인천국제공항,임차,국제항공운송사업
18,진에어,HL8242,B737-800,38824,11.12.19,7,12.01.23,138,79ton,청주국제공항,임차,국제항공운송사업
19,진에어,HL8243,B737-800,38825,12.01.31,7,12.02.17,138,79ton,청주국제공항,임차,국제항공운송사업
20,진에어,HL8244,B737-800,38826,12.02.13,7,12.03.02,138,79ton,청주국제공항,임차,국제항공운송사업
21,진에어,HL8012,B737-800,41348,15.07.14,3,15.07.27,189,79ton,김포공항,임차,국제항공운송사업
22,진에어,HL8013,B737-800,41346,15.08.31,3,15.09.11,189,79ton,김포공항,임차,국제항공운송사업
23,진에어,HL8015,B737-800,42061,15.09.30,3,15.10.13,189,79.0ton,김포공항,임차,국제항공운송사업
24,진에어,HL8014,B737-800,42051,15.10.12,3,15.10.23,189,79.0ton,김포공항,임차,국제항공운송사업
25,진에어,HL8016,B737-800,41341,16.03.05,3,16.03.18,189,79ton,김포공항,임차,국제항공운송사업
26,진에어,HL8017,B737-800,42055,16.06.19,3,16.06.29,189,79.0ton,청주국제공항,임차,국제항공운송사업
1,창운항공,HL9156,H-369D,510966D,81.06.03,38,03.01.18,5,1.36ton,김포공항,구매,항공기사용사업
1,천우항공,HL1267,T-206H,T20608075,99.05.24,20,18.07.03,6,1633kg,고흥만 경비행고흥만 ,구매,항공기사용사업
1,첨단공간정보,HL1004,TU-206G,U20605318,80.10.08,38,98.10.27,3,1.633ton,김포공항,구매,항공기사용사업
1,초당학원,HL1188,DA 40 NG,40.N144,14.02.19,5,14.06.18,4,2822lbs,무안공항,구매,자가용
2,초당학원,HL1189,DA 40 NG,40.N145,14.02.19,5,14.06.18,4,2822lbs,무안공항,구매,자가용
3,초당학원,HL1190,DA 40 NG,40.N176,14.03.11,5,14.06.18,4,2822lbs,무안공항,구매,자가용
4,초당학원,HL1226,DA 40 NG,40.N275,15.02.23,4,15.06.17,4,2822lbs,무안공항,구매,자가용
5,초당학원,HL1227,DA 40 NG,40.N276,15.03.03,4,15.06.17,4,2822lbs,무안공항,구매,자가용
6,초당학원,HL1228,DA 40 NG,40.N277,15.03.17,4,15.06.17,4,2822lbs,무안공항,구매,자가용
7,초당학원,HL1229,DA 40 NG,40.N278,15.03.17,4,15.06.17,4,2822lbs,무안공항,구매,자가용
8,초당학원,HL2041,DA 42 NG,40.N181,15.05.13,4,15.07.13,4,1900kg,무안공항,구매,자가용
9,초당학원,HL1264,DA 40 NG,40.N325,17.03.23,2,17.07.07,4,1310kg,무안공항,구매,자가용
10,초당학원,HL1265,DA 40 NG,40.N326,17.03.23,2,17.07.07,4,1310kg,무안공항,구매,자가용
11,초당학원,HL1266,DA-40NG,40.N327,17.03.22,2,17.07.07,4,1310kg,무안공항,구매,자가용
1,충청남도,HL9611,AW139,41404,15.06.05,4,15.11.09,14,6400kg,한서대학교 태안비행장,구매,자가용
1,충청북도,HL9457,BK117C-2,4007,04.10.30,14,07.11.23,10,3.585ton,청주시 17전투비행단,구매,자가용
1,케이바스,HL1115,A188B,18801418,74.07.09,44,10.03.25,1,1.814ton,김포공항,구매,항공기사용사업
2,케이바스,HL2036,CL-215-1A10,1096,87.04.23,32,11.12.19,3,19731kg,사천공항,구매,항공기사용사업
1,코리아익스프레스에어,HL9293,BK117,1005,84.02.09,35,06.08.11,8,2.850ton,김포공항,구매,소형항공기운송사업
2,코리아익스프레스에어,HL8054,EMB-145EP,145065,98.06.24,21,15.12.10,50,20990kg,양양국제공항,임차,소형항공기운송사업
3,코리아익스프레스에어,HL8094,EMB-145EP,145187,99.10.22,19,17.02.08,50,20990kg,강원도 양양,임차,소형항공기운송사업
4,코리아익스프레스에어,HL8358,EMB-145LR,145348,00.11.24,18,19.01.04,50,22000kg,무안공항,임차,소형항공기운송사업
1,터보라인(주),HL1103,C-172M,17262581,80.11.14,38,06.05.23,4,2300lbs,양양공항,구매,항공기사용사업
1,트랜스헬리,HL9621,S-58HT,58-1464,62.02.01,57,16.01.14,18,12500lbs,전북임실관촌,구매,항공기사용사업
2,트랜스헬리,HL9629,S-58JT,58-1502,77.02.01,42,16.12.09,18,12500lbs,전북임실관촌,구매,항공기사용사업
3,트랜스헬리,HL9238,S-58JT,58-801,80.02.07,39,88.10.19,14,5.67ton,전북임실관촌,구매,항공기사용사업
1,티웨이항공,HL8235,B737-800,39448,10.08.31,8,10.09.09,189,70.533ton,김포공항,임차,국제항공운송사업
2,티웨이항공,HL8237,B737-800,30654,03.03.13,16,11.01.21,189,79.015ton,제주국제공항,임차,국제항공운송사업
3,티웨이항공,HL8253,B737-800,28069,98.05.10,21,11.08.09,186,78.244ton,제주국제공항,임차,국제항공운송사업
4,티웨이항공,HL8268,B737-800,30660,03.06.09,16,12.05.25,189,79.017ton,인천국제공항,임차,국제항공운송사업
5,티웨이항공,HL8294,B737-800,32798,04.03.21,15,13.09.30,189,79.015ton,제주국제공항,임차,국제항공운송사업
6,티웨이항공,HL8000,B737-800,34249,06.01.29,13,14.03.04,189,79015kg,대구공항,임차,국제항공운송사업
7,티웨이항공,HL8021,B737-800,34899,06.12.06,12,14.07.18,189,70.987ton,인천국제공항,임차,국제항공운송사업
8,티웨이항공,HL8024,B737-800,36848,10.09.08,8,14.12.16,189,79015kg,광주공항,임차,국제항공운송사업
9,티웨이항공,HL8030,B737-800,41804,15.03.04,4,15.03.05,189,79015kg,김포공항,임차,국제항공운송사업
10,티웨이항공,HL8047,B737-800,29675,07.10.22,11,15.09.25,189,79015kg,김포공항,임차,국제항공운송사업
11,티웨이항공,HL8056,B737-800,36572,08.04.17,11,15.12.10,189,79015kg,인천국제공항,임차,국제항공운송사업
12,티웨이항공,HL8067,B737-800,35279,08.06.27,10,16.03.24,189,79015kg,대구공항,임구,국제항공운송사업
13,티웨이항공,HL8069,B737-800,35000,09.03.31,10,16.04.29,189,78999kg,김포공항,임차,국제항공운송사업
14,티웨이항공,HL8070,B737-800,37535,09.06.30,9,16.07.08,189,78999kg,인천국제공항,임차,국제항공운송사업
15,티웨이항공,HL8086,B737-800,38819,11.01.28,8,16.12.13,189,79015kg,대구공항,임차,국제항공운송사업
16,티웨이항공,HL8098,B737-800,40234,09.07.20,9,17.06.12,189,79015kg,대구공항,임차,국제항공운송사업
17,티웨이항공,HL8220,B737-800,37162,09.05.27,10,17.06.29,189,79015kg,대구공항,임차,국제항공운송사업
18,티웨이항공,HL8095,B737-800,30725,17.06.15,2,17.07.05,189,79015kg,김포공항,임차,국제항공운송사업
19,티웨이항공,HL8300,B737-800,64872,17.12.15,1,17.12.15,189,78999kg,김포공항,임차,국제항공운송사업
20,티웨이항공,HL8306,B737-800,40308,11.02.09,8,18.04.18,189,78999kg,대구공항,임차,국제항공운송사업
21,티웨이항공,HL8323,B737-800,34988,11.09.26,7,18.10.15,189,78999kg,김포공항,임차,국제항공운송사업
22,티웨이항공,HL8326,B737-800,34992,11.09.26,7,18.10.30,189,78999kg,김포공항,임차,국제항공운송사업
23,티웨이항공,HL8324,B737-800,34989,11.09.20,7,18.11.07,189,78999kg,김포공항,임차,국제항공운송사업
24,티웨이항공,HL8327,B737-800,40238,10.11.05,8,18.12.26,189,78999kg,인천국제공항,임차,국제항공운송사업
25,티웨이항공,HL8329,B737-800,40239,10.11.12,8,19.01.09,189,79015kg,인천국제공항,임차,국제항공운송사업
26,티웨이항공,HL8363,B737-800,35791,07.01.17,12,19.03.29,189,78999kg,김포공항,임차,국제항공운송사업
27,티웨이항공,HL8354,B737-800,40246,11.06.03,8,19.05.08,189,78999kg,무안공항,임차,국제항공운송사업
1,티티엠코리아항공,HL1074,C-172P,17276636,86.06.06,33,00.08.18,4,1.08ton,고창비행장,구매,항공기사용사업
2,티티엠코리아항공,HL1192,C-172P,17274016,80.06.10,39,13.12.10,4,2400lbs,김포공항,구매,항공기사용사업
1,펄코리아,HL9480,MI-2,529707036,86.03.28,33,08.12.29,9,3.55ton,김포공항,구매,항공기사용사업
1,포스코,HL9266,S-76C,760515,01.08.31,17,01.09.21,12,5.307ton,포항제철 헬리포트,구매,자가용
2,포스코,HL9291,S-76C,760611,06.07.20,12,06.07.20,12,5.307ton,김포공항,구매,자가용
1,플라잉타이거즈,HL1137,PA-25-235,25-7405688,74.07.30,44,10.07.27,1,1.315ton,전남 영암군,구매,항공기사용사업
1,하나항공,HL1105,T-207A,20700727,81.10.08,37,07.04.20,8,"3,800lbs",김포공항,구매,항공기사용사업
2,하나항공,HL9477,AS-355F1,5136,94.08.04,24,08.10.17,7,2.6ton,김포공항,구매,항공기사용사업
1,하이에어,HL5243,ATR 72,862,09.04.20,10,19.05.23,50,23000kg,울산공항,구매,소형항공기운송사업
1,학교법인 일현학원,HL1280,C-172S,172S8615,00.10.11,18,18.09.19,4,2550lbs,한서대학교 태안비행장,구매,자가용
1,학교법인 청석학원,HL1176,DA 40 NG,40.N139,13.10.22,5,14.01.22,4,1280kg,청주국제공항,구매,자가용
2,학교법인 청석학원,HL1177,DA 40 NG,40.N140,13.10.28,5,14.01.22,4,1280kg,청주국제공항,구매,자가용
3,학교법인 청석학원,HL1178,DA 40 NG,40.N141,13.10.23,5,14.01.22,4,1280kg,청주국제공항,구매,자가용
4,학교법인 청석학원,HL1179,DA 40 NG,40.N142,13.11.06,5,14.01.22,4,1280kg,청주국제공항,구매,자가용
5,학교법인 청석학원,HL1251,DA-40NG,40.N298,15.09.30,3,16.02.29,4,1280kg,무안공항,구매,자가용
6,학교법인 청석학원,HL1252,DA-40NG,40.N299,15.10.01,3,16.02.29,4,1280kg,무안공항,구매,자가용
7,학교법인 청석학원,HL1253,DA-40NG,40.N300,15.10.13,3,16.02.29,4,1280kg,무안공항,구매,자가용
8,학교법인 청석학원,HL1254,DA-40NG,40.N301,15.10.21,3,16.02.29,4,1280kg,무안공항,구매,자가용
9,학교법인 청석학원,HL2046,DA 42,42.N232,16.11.10,2,17.05.11,4,1999kg,무안공항,구매,자가용
1,학교법인 함주학원,HL6142,ENSTROM 280FX,2112,05.09.14,13,05.11.04,3,2600lbs,한서대학교 태안비행장,구매,자가용
2,학교법인 함주학원,HL1095,C-172S,172S10084,05.12.22,13,06.04.07,4,2550lbs,한서대학교 태안비행장,구매,자가용
3,학교법인 함주학원,HL1096,C-172S,172S10092,05.12.22,13,06.04.07,4,1.157ton,한서대학교 태안비행장,구매,자가용
4,학교법인 함주학원,HL1097,C-172S,172S10047,05.12.21,13,06.04.07,4,2550lbs,한서대학교 태안비행장,구매,자가용
5,학교법인 함주학원,HL1101,C-172S,172S10185,06.05.08,13,06.07.18,4,1.157ton,한서대학교 태안비행장,구매,자가용
6,학교법인 함주학원,HL9175,ENSTROM 480B,5100,06.12.12,12,06.12.12,5,1.361ton,한서대학교 태안비행장,구매,자가용
7,학교법인 함주학원,HL5231,BEECH 1900D,UE-317,98.04.22,21,07.03.23,19,7.7ton,김포공항,구매,자가용
8,학교법인 함주학원,HL1083,C-172S,172S10766,08.07.11,10,08.10.15,4,1.157ton,한서대학교 태안비행장,구매,자가용
9,학교법인 함주학원,HL1084,C-172S,172S10767,08.07.11,10,08.10.15,4,1.157ton,한서대학교 태안비행장,구매,자가용
10,학교법인 함주학원,HL1085,C-172S,172S10769,08.07.14,10,08.10.15,4,1157kg,한서대학교 태안비행장,구매,자가용
11,학교법인 함주학원,HL1109,C-172S,172S10775,08.07.14,10,08.10.15,4,1.157ton,한서대학교 태안비행장,구매,자가용
12,학교법인 함주학원,HL8283,C525,525-0688,09.05.20,10,09.07.30,8,10700lbs,한서대학교 태안비행장,구매,자가용
13,학교법인 함주학원,HL9488,BELL412SP,33199,89.08.28,29,10.05.26,13,5.398ton,한서대학교 태안비행장,구매,자가용
14,학교법인 함주학원,HL1125,C-172S,172S10689,08.03.06,11,10.06.09,4,2550lbs,한서대학교 태안비행장,구매,자가용
15,학교법인 함주학원,HL1128,C-172S,172S10513,07.05.16,12,10.06.09,4,2550lbs,한서대학교 태안비행장,구매,자가용
16,학교법인 함주학원,HL1124,C-172S,172S10687,08.03.06,11,10.06.30,4,2550lbs,한서대학교 태안비행장,구매,자가용
17,학교법인 함주학원,HL1126,C-172S,172S10520,07.05.24,12,10.06.30,4,2550lbs,한서대학교 태안비행장,구매,자가용
18,학교법인 함주학원,HL2031,PA44-180,4496275,10.01.15,9,10.07.07,4,3800lbs,한서대학교 태안비행장,구매,자가용
19,학교법인 함주학원,HL2032,PA44-180,4496276,10.01.12,9,10.07.07,4,3800lbs,한서대학교 태안비행장,구매,자가용
20,학교법인 함주학원,HL5238,BEECH 1900D,UE-222,96.06.25,23,10.07.13,18,7.7ton,한서대학교 태안비행장,구매,자가용
21,학교법인 함주학원,HL1142,C-172S,172S10732,08.03.08,11,11.03.22,4,2550lbs,한서대학교 태안비행장,구매,자가용
22,학교법인 함주학원,HL1143,C-172S,172S10731,08.03.08,11,11.03.22,4,2550lbs,한서대학교 태안비행장,구매,자가용
23,학교법인 함주학원,HL1152,C-172S,172S11141,11.11.14,7,12.02.15,4,1157kg,한서대학교 태안비행장,구매,자가용
24,학교법인 함주학원,HL1159,EA 300/LT,LT016,12.05.21,7,12.10.04,2,950kg,한서대학교 태안비행장,구매,자가용
25,학교법인 함주학원,HL0306,ASK 21,21899,12.12.19,6,13.05.06,2,600kg,한서대학교 태안비행장,구매,자가용
26,학교법인 함주학원,HL1169,C-172S,172S10609,07.10.18,11,13.10.25,4,1157kg,한서대학교 태안비행장,구매,자가용
27,학교법인 함주학원,HL1170,C-172S,172S10652,07.12.13,11,13.10.25,4,1157kg,한서대학교 태안비행장,구매,자가용
28,학교법인 함주학원,HL1186,C-172S,172S11235,13.02.20,6,14.01.21,4,1156kg,한서대학교 태안비행장,구매,자가용
29,학교법인 함주학원,HL1198,C-172S,172S11427,14.05.20,5,14.07.23,4,1157kg,한서대학교 태안비행장,구매,자가용
30,학교법인 함주학원,HL1268,C-172S,172S12125,18.05.10,1,18.11.13,4,1157kg,한서대학교 태안비행장,구매,자가용
31,학교법인 함주학원,HL1269,C-172S,172S12132,18.05.10,1,18.11.13,4,1157kg,충남태안 비행장,구매,자가용
32,학교법인 함주학원,HL1270,C-172S,172S12138,18.05.10,1,18.11.13,4,1157kg,한서대학교 태안비행장,구매,자가용
33,학교법인 함주학원,HL1271,C-172S,172S12142,18.05.10,1,18.11.13,4,1157kg,한서대학교 태안비행장,구매,자가용
34,학교법인 함주학원,HL1272,C-172S,172S12150,18.05.10,1,18.11.13,4,1157kg,한서대학교 태안비행장,구매,자가용
1,한국공항공사,HL8219,C-525,525-0940,17.03.03,2,17.03.21,5,4853kg,울진비행장,구매,항공기사용사업
1,한국교통대학교,HL1195,SR20,2245,14.02.11,5,14.03.28,4,1361kg,청주국제공항,구매,자가용
2,한국교통대학교,HL1207,SR20,2265,14.06.30,4,14.09.03,4,1361kg,무안공항,구매,자가용
3,한국교통대학교,HL1208,SR20,2266,14.06.30,4,14.09.03,4,1361kg,무안공항,구매,자가용
4,한국교통대학교,HL1209,SR20,2267,14.06.30,4,14.09.03,4,1361kg,무안공항,구매,자가용
5,한국교통대학교,HL1258,SR20,2299,15.09.30,3,15.12.03,4,1361kg,무안공항,구매,자가용
1,한국방송공사,HL9278,BELL430,49111,05.08.01,13,06.07.06,8,4218kg,김포공항,구매,자가용
1,한국소아링협회,HL0305,K-8B,8636,66.10.06,52,02.06.27,2,0.31ton,수색비행장,구매,자가용
1,한국에스지티,HL5119,C-208B,208B1178,06.03.03,13,09.12.15,11,4.127ton,김포공항,구매,항공기사용사업
1,한국항공,HL1138,C-172S,172S8979,01.11.14,17,10.12.29,4,2550lbs,청주국제공항,구매,항공기사용사업
2,한국항공,HL1181,C-172S,172S8821,01.05.03,18,13.10.11,4,2550lbs,청주국제공항,구매,항공기사용사업
3,한국항공,HL1182,C-172R,17280224,97.11.06,21,13.10.11,4,2457lbs,청주국제공항,구매,항공기사용사업
1,한국항공대학교,HL0304,L23,008715,00.08.29,18,00.10.24,2,510kg,수색비행장,구매,자가용
2,한국항공대학교,HL1086,C-172R,17280996,01.02.16,18,01.04.23,4,1.111ton,수색비행장,구매,자가용
3,한국항공대학교,HL1087,C-172R,17280998,01.02.16,18,01.04.23,4,1.111ton,수색비행장,구매,자가용
4,한국항공대학교,HL1131,C-172S,172S10967,10.06.30,8,10.07.27,4,1156kg,수색비행장,구매,자가용
5,한국항공대학교,HL1132,C-172S,172S10968,10.06.30,8,10.07.27,4,1156kg,수색비행장,구매,자가용
6,한국항공대학교,HL1133,C-172S,172S10969,10.06.30,8,10.07.27,4,1156kg,수색비행장,구매,자가용
7,한국항공대학교,HL1134,C-172S,172S10976,10.07.12,8,10.08.06,4,1156kg,수색비행장,구매,자가용
8,한국항공대학교,HL1135,C-172S,172S10978,10.07.12,8,10.08.06,4,1156kg,수색비행장,구매,자가용
9,한국항공대학교,HL1136,C-172S,172S10980,10.07.12,8,10.08.06,4,1156kg,수색비행장,구매,자가용
10,한국항공대학교,HL2035,DA 42 NG,42.N014,11.01.12,8,11.03.16,4,1900kg,수색비행장,구매,자가용
11,한국항공대학교,HL1171,C-172S,172S11237,12.09.26,6,12.11.15,4,1156kg,수색비행장,구매,자가용
12,한국항공대학교,HL1172,C-172S,172S11238,12.09.26,6,12.11.15,4,1156kg,수색비행장,구매,자가용
13,한국항공대학교,HL1173,C-172S,172S11316,13.06.25,5,13.08.12,4,2550lbs,수색비행장,구매,자가용
14,한국항공대학교,HL1174,C-172S,172S11317,13.08.12,5,13.08.12,4,2550lbs,수색비행장,구매,자가용
15,한국항공대학교,HL1175,C-172S,172S11318,13.06.25,5,13.08.12,4,2550lbs,수색비행장,구매,자가용
16,한국항공대학교,HL1221,C-172S,172S11533,15.02.10,4,15.04.08,4,2550lbs,수색비행장,구매,자가용
17,한국항공대학교,HL1222,C-172S,172S11534,15.02.19,4,15.04.08,4,2550lbs,수색비행장,구매,자가용
18,한국항공대학교,HL1223,C-172S,172S11535,15.02.24,4,15.04.08,4,2550lbs,수색비행장,구매,자가용
19,한국항공대학교,HL1224,C-172S,172S11536,15.02.23,4,15.04.08,4,2550lbs,수색비행장,구매,자가용
20,한국항공대학교,HL1079,C-172R,17280466,98.12.07,20,99.03.12,4,1.111ton,수색비행장,구매,자가용
21,한국항공대학교,HL1081,C-172R,17280511,98.12.07,20,99.03.12,4,1.111ton,수색비행장,구매,자가용
22,한국항공대학교,HL1082,C-172R,17280541,98.12.03,20,99.03.12,4,1.111ton,수색비행장,구매,자가용
1,한국항공선교회,HL1039,TU-206G,U20605702,80.03.05,39,92.05.19,6,1.62ton,김포공항,구매,자가용
1,한국항공우주산업,HL1200,KC-100,13-001,13.12.04,5,13.12.10,4,1633kg,사천공항,구매,자가용
2,한국항공우주산업,HL9648,EC-155B1,6825,08.10.12,10,18.09.18,6,4920kg,한국항공우주산업,구매,소형항공기운송사업
1,한라스카이에어,HL2004,P68C TC,322-27-TC,84.09.30,34,07.08.24,6,2.084ton,김포공항,구매,항공기사용사업
1,한서대학교산학협력단,HL9169,480B,5081,05.09.14,13,05.11.07,4,3000lbs,한서대학교 태안비행장,구매,항공기사용사업
2,한서대학교산학협력단,HL5200,C90GT,LJ1801,06.12.11,12,06.12.22,8,4.581kg,한서대학교 태안비행장,구매,항공기사용사업
1,한양항공,HL1070,MXT-7,14038-C,91.10.08,27,92.04.27,4,1.136ton,전북 남원요천비행장,구매,항공기사용사업
1,한화케미칼(주),HL7227,B737-700,35977,06.09.15,12,10.09.30,19,77.564ton,김포공항,구매,자가용
2,한화케미칼(주),HL9254,S-76C,760467,97.03.07,22,97.03.21,8,5.307ton,김포공항,구매,자가용
1,헬리월드,HL9479,MI-2,5411037119,89.11.24,29,08.12.24,9,3.550ton,김포산업단지,구매,항공기사용사업
1,헬리코리아,HL9143,H-369D,490487D,79.04.13,40,00.06.14,5,1.519ton,대전 헬리코리아 헬기장,구매,항공기사용사업
2,헬리코리아,HL9154,BELL214B-1,28008,80.03.20,39,02.10.31,16,16000lbs,대전 헬리코리아 헬기장,구매,항공기사용사업
3,헬리코리아,HL9159,BELL214B-1,28037,80.09.20,38,03.02.05,16,16000lbs,대전 헬리코리아 헬기장,구매,항공기사용사업
4,헬리코리아,HL9160,BELL214B-1,28070,82.01.27,37,03.04.09,16,5.727ton,대전 헬리코리아 헬기장,구매,항공기사용사업
5,헬리코리아,HL9270,S-76C,760528,02.10.31,16,03.06.05,10,5.307ton,헬리코리아 헬기장,구매,소형항공기운송사업
6,헬리코리아,HL9285,S-76C,760565,04.06.01,15,04.06.01,14,5.307ton,헬리코리아 헬기장,구매,소형항공기운송사업
7,헬리코리아,HL9171,BELL214B-1,28044,78.12.30,40,05.12.01,16,16000lbs,대전,구매,항공기사용사업
8,헬리코리아,HL9289,KA-32A,6004/007,89.04.29,30,06.01.03,15,11ton,대전 헬리코리아 헬기장,구매,항공기사용사업
9,헬리코리아,HL9475,KA-32A,61-02,08.10.01,10,08.10.01,16,11ton,대전 헬리코리아 헬기장,구매,항공기사용사업
10,헬리코리아,HL9489,S-76C,760521,01.08.01,17,10.06.24,16,5.307ton,대전 헬리코리아 헬기장,구매,소형항공기운송사업
11,헬리코리아,HL9191,B407,53986,10.01.30,9,10.11.19,7,2722kg,대전 헬리코리아 헬기장,구매,항공기사용사업
12,헬리코리아,HL9200,BK117C-1,1129,00.12.04,18,12.06.07,8,3350kg,대전 헬리코리아 헬기장,구매,소형항공기운송사업
13,헬리코리아,HL9628,AW169,69041,16.10.25,2,16.11.21,10,4600kg,대전 헬리코리아 헬기장,구매,항공기사용사업
14,헬리코리아,HL9627,AW169,69032,16.10.21,2,16.11.28,10,4600kg,헬리코리아 헬기장,구매,항공기사용사업
15,헬리코리아,HL9631,AW169,69051,16.12.15,2,16.12.26,10,4600kg,대전 헬리코리아 헬기장,임차,항공기사용사업
16,헬리코리아,HL9643,AW109SP,22377,17.10.26,1,17.11.21,8,3175kg,대전 헬리코리아 헬기장,구매,항공기사용사업
17,헬리코리아,HL9644,AW109SP,22379,17.11.30,1,17.12.08,8,3175kg,헬리코리아 헬기장,구매,항공기사용사업
1,현대자동차,HL9474,S-76C,760747,08.11.24,10,09.08.18,10,5.307ton,김포공항,구매,자가용
2,현대자동차,HL8290,B737-700,41375,13.01.30,6,14.07.16,17,77.564ton,김포공항,구매,자가용
1,홍익항공,HL9146,H-369D,390482D,79.03.12,40,01.02.15,5,1.363ton,김포공항,구매,항공기사용사업
2,홍익항공,HL9151,AS-350B1,1966,86.12.09,32,02.03.18,6,2200kg,김포공항,구매,항공기사용사업
3,홍익항공,HL9158,BELL214B-1,28046,80.05.20,39,03.02.05,18,5.67ton,김포공항,구매,항공기사용사업
4,홍익항공,HL9166,AS-350B2,3029,98.02.05,21,04.12.28,6,2250kg,김포공항,구매,항공기사용사업
5,홍익항공,HL9174,AS-350B2,2689,92.11.27,26,06.04.19,6,2250kg,김포공항,구매,항공기사용사업
6,홍익항공,HL9189,AS-350B2,1219,80.10.12,38,08.10.13,6,2250kg,김포공항,구매,항공기사용사업
7,홍익항공,HL9199,AS-350B2,2332,90.04.26,29,12.02.24,6,2250kg,김포공항,구매,항공기사용사업
8,홍익항공,HL9302,AS-350B2,2674,92.09.11,26,13.02.18,6,2250kg,김포공항,구매,항공기사용사업
9,홍익항공,HL9616,EC135P2+,0695,08.04.30,11,13.10.08,5,2910kg,김포공항,구매,항공기사용사업
10,홍익항공,HL9227,BK117,1004,84.11.12,34,91.03.14,7,2850kg,김포공항,구매,항공기사용사업
11,홍익항공,HL9116,BELL214B-1,28058,81.04.21,38,94.03.29,18,5.67ton,김포공항,구매,항공기사용사업
