rank,name,scores_overall,location,stats_number_students,female,male,female_num,male_num
1,University of Oxford,96.0,United Kingdom,20298,46,54,9337,10961
2,University of Cambridge,94.8,United Kingdom,18749,46,54,8625,10124
3,Stanford University,94.7,United States,15878,43,57,6828,9050
4,Massachusetts Institute of Technology,94.2,United States,11231,38,62,4268,6963
5,California Institute of Technology,94.1,United States,2255,33,67,744,1511
6,Harvard University,93.6,United States,20595,48,52,9886,10709
7,Princeton University,92.3,United States,7996,45,55,3598,4398
8,Yale University,91.3,United States,12318,50,50,6159,6159
9,Imperial College London,90.3,United Kingdom,16425,38,62,6242,10184
10,University of Chicago,90.2,United States,13562,44,56,5967,7595
11,ETH Zurich,89.3,Switzerland,18171,31,69,5633,12538
12,Johns Hopkins University,89.0,United States,16146,52,48,8396,7750
13,University of Pennsylvania,89.0,United States,20443,52,48,10630,9813
14,UCL,87.8,United Kingdom,31696,57,43,18067,13629
15,"University of California, Berkeley",87.7,United States,36468,51,49,18599,17869
16,Columbia University,87.2,United States,26586,0,0,0,0
17,"University of California, Los Angeles",86.4,United States,39464,53,47,20916,18548
18,Duke University,85.4,United States,15037,48,52,7218,7819
19,Cornell University,85.1,United States,21904,49,51,10733,11171
20,University of Michigan-Ann Arbor,84.1,United States,41831,48,52,20079,21752
21,University of Toronto,84.0,Canada,72202,0,0,0,0
22,Tsinghua University,82.9,China,36912,34,66,12550,24362
23,National University of Singapore,82.4,Singapore,30727,50,50,15364,15364
24,Carnegie Mellon University,82.0,United States,13033,40,60,5213,7820
25,Northwestern University,81.7,United States,17600,48,52,8448,9152
26,London School of Economics and Political Science,81.3,United Kingdom,10028,52,48,5215,4813
27,New York University,81.0,United States,44433,56,44,24882,19551
28,University of Washington,80.4,United States,45476,53,47,24102,21374
29,University of Edinburgh,79.8,United Kingdom,28153,60,40,16892,11261
30,"University of California, San Diego",79.7,United States,31687,46,54,14576,17111
31,Peking University,79.3,China,42547,48,52,20423,22124
32,LMU Munich,78.3,Germany,35389,61,39,21587,13802
33,University of Melbourne,78.3,Australia,45030,56,44,25217,19813
34,Georgia Institute of Technology,77.5,United States,21903,32,68,7009,14894
35,École Polytechnique Fédérale de Lausanne,76.9,Switzerland,10343,28,72,2896,7447
36,University of Hong Kong,76.3,Hong Kong,18122,54,46,9786,8336
37,University of British Columbia,76.0,Canada,53566,54,46,28926,24640
38,King’s College London,75.8,United Kingdom,24293,62,38,15062,9231
39,University of Texas at Austin,75.4,United States,48561,51,49,24766,23795
40,Karolinska Institute,74.9,Sweden,7898,68,32,5371,2527
41,The Hong Kong University of Science and Technology,74.5,Hong Kong,10394,0,0,0,0
42,Paris Sciences et Lettres – PSL Research University Paris,74.4,France,20722,44,56,9118,11604
43,The University of Tokyo,74.1,Japan,25828,0,0,0,0
44,University of Wisconsin-Madison,73.9,United States,39193,0,0,0,0
45,McGill University,73.7,Canada,31060,58,42,18015,13045
46,Technical University of Munich,73.7,Germany,39726,34,66,13507,26219
47,Heidelberg University,73.2,Germany,20953,54,46,11315,9638
48,KU Leuven,72.6,Belgium,44719,49,51,21912,22807
49,Australian National University,72.4,Australia,16840,52,48,8757,8083
50,University of Illinois at Urbana-Champaign,72.3,United States,43908,47,53,20637,23271
51,"Nanyang Technological University, Singapore",72.2,Singapore,25738,48,52,12354,13384
52,"University of California, Santa Barbara",71.5,United States,23457,52,48,12198,11259
53,Brown University,71.4,United States,9082,0,0,0,0
54,Chinese University of Hong Kong,71.4,Hong Kong,17883,0,0,0,0
55,Washington University in St Louis,70.9,United States,13074,0,0,0,0
56,University of North Carolina at Chapel Hill,70.0,United States,34226,57,43,19509,14717
57,University of Manchester,69.9,United Kingdom,36530,53,47,19361,17169
58,Delft University of Technology,69.2,Netherlands,17880,28,72,5006,12874
59,"University of California, Davis",68.5,United States,37847,57,43,21573,16274
60,University of Sydney,68.5,Australia,43333,58,42,25133,18200
61,Wageningen University & Research,68.5,Netherlands,13214,55,45,7268,5946
62,University of Amsterdam,67.9,Netherlands,23778,56,44,13316,10462
63,Seoul National University,67.5,South Korea,26066,0,0,0,0
64,Purdue University West Lafayette,67.4,United States,39409,42,58,16552,22857
65,Kyoto University,67.3,Japan,22420,24,76,5381,17039
66,University of Southern California,67.0,United States,35510,53,47,18820,16690
67,Humboldt University of Berlin,66.9,Germany,33000,0,0,0,0
68,Leiden University,66.3,Netherlands,26321,57,43,15003,11318
69,University of Queensland,66.0,Australia,38187,55,45,21003,17184
70,Erasmus University Rotterdam,65.8,Netherlands,22019,50,50,11010,11010
71,University of Minnesota Twin Cities,65.3,United States,60620,52,48,31522,29098
72,Ohio State University,65.3,United States,53540,49,51,26235,27305
73,Sorbonne University,65.1,France,42681,59,41,25182,17499
74,Boston University,65.0,United States,25095,60,40,15057,10038
75,Utrecht University,65.0,Netherlands,31551,59,41,18615,12936
76,University of Freiburg,64.7,Germany,22005,55,45,12103,9902
77,McMaster University,64.4,Canada,24602,53,47,13039,11563
78,University of Bristol,64.3,United Kingdom,20570,53,47,10902,9668
79,University of Groningen,64.1,Netherlands,26183,52,48,13615,12568
80,University of Warwick,64.1,United Kingdom,19649,50,50,9824,9824
81,Pennsylvania State University,63.8,United States,45704,46,54,21024,24680
82,"University of Maryland, College Park",63.7,United States,32099,47,53,15087,17012
83,Sungkyunkwan University (SKKU),63.7,South Korea,23359,42,58,9811,13548
84,Emory University,63.6,United States,12647,58,42,7335,5312
85,Monash University,63.6,Australia,49728,57,43,28345,21383
86,Rice University,63.5,United States,6554,42,58,2753,3801
87,RWTH Aachen University,63.3,Germany,44517,32,68,14245,30272
88,Uppsala University,63.3,Sweden,25061,56,44,14034,11027
89,University of Tübingen,63.2,Germany,28743,58,42,16671,12072
90,Charité - Universitätsmedizin Berlin,63.0,Germany,6943,64,36,4444,2499
91,University of Montreal,63.0,Canada,37311,59,41,22013,15298
92,University of Zurich,63.0,Switzerland,26340,57,43,15014,11326
93,University of Science and Technology of China,62.9,China,16152,0,0,0,0
94,University of Glasgow,62.8,United Kingdom,24235,58,42,14056,10179
95,Michigan State University,62.8,United States,44951,51,49,22925,22026
96,"University of California, Irvine",62.7,United States,31089,53,47,16477,14612
97,UNSW Sydney,62.7,Australia,41358,47,53,19438,21920
98,Lund University,62.5,Sweden,28454,54,46,15365,13089
99,Dartmouth College,62.4,United States,6172,48,52,2963,3209
100,University of Helsinki,62.4,Finland,22418,65,35,14572,7846
101,Zhejiang University,62.2,China,36031,21,79,7567,28464
102,Korea Advanced Institute of Science and Technology (KAIST),61.8,South Korea,9587,20,80,1917,7670
103,University of Basel,61.5,Switzerland,12852,55,45,7069,5783
104,Free University of Berlin,61.4,Germany,35032,59,41,20669,14363
105,Fudan University,61.4,China,34393,51,49,17540,16853
106,University of Sheffield,61.2,United Kingdom,25577,50,50,12788,12788
107,University of Virginia,61.0,United States,24295,53,47,12876,11419
108,École Polytechnique,60.8,France,2908,21,79,611,2297
109,Georgetown University,60.7,United States,15801,54,46,8533,7268
110,University of Bern,60.3,Switzerland,10967,56,44,6142,4825
111,University of Bonn,60.3,Germany,37708,55,45,20739,16969
112,City University of Hong Kong,60.3,Hong Kong,9928,57,43,5659,4269
113,University of Pittsburgh-Pittsburgh campus,60.3,United States,26517,52,48,13789,12728
114,University of Colorado Boulder,59.9,United States,31625,44,56,13915,17710
115,Durham University,59.9,United Kingdom,16565,54,46,8945,7620
116,University of Birmingham,59.7,United Kingdom,28354,56,44,15878,12476
117,University of Copenhagen,59.7,Denmark,32157,55,45,17686,14471
118,University of Southampton,59.6,United Kingdom,24078,52,48,12521,11557
119,University of York,59.3,United Kingdom,15194,56,44,8509,6685
120,Trinity College Dublin,59.2,Ireland,16293,59,41,9613,6680
121,University of Oslo,59.1,Norway,20552,62,38,12742,7810
122,Vanderbilt University,59.1,United States,12038,54,46,6501,5537
123,Aarhus University,59.0,Denmark,26867,54,46,14508,12359
124,Arizona State University,59.0,United States,46362,43,57,19936,26426
125,University of Göttingen,59.0,Germany,30399,50,50,15200,15200
126,University of Mannheim,59.0,Germany,10882,56,44,6094,4788
127,Radboud University Nijmegen,59.0,Netherlands,19954,55,45,10975,8979
128,Université Catholique de Louvain,58.9,Belgium,25952,54,46,14014,11938
129,Maastricht University,58.9,Netherlands,16250,59,41,9588,6662
130,Queen Mary University of London,58.8,United Kingdom,16434,54,46,8874,7560
131,Technical University of Berlin,58.7,Germany,22472,34,66,7640,14832
132,University of Alberta,58.5,Canada,31844,55,45,17514,14330
133,Case Western Reserve University,58.5,United States,10412,49,51,5102,5310
134,Nanjing University,58.4,China,34580,48,52,16598,17982
135,University of Western Australia,58.4,Australia,18510,49,51,9070,9440
136,University of Adelaide,58.3,Australia,21339,49,51,10456,10883
137,University of Geneva,58.3,Switzerland,16530,61,39,10083,6447
138,University of Hamburg,58.3,Germany,29584,56,44,16567,13017
139,Karlsruhe Institute of Technology,58.3,Germany,26593,28,72,7446,19147
140,Pompeu Fabra University,58.3,Spain,11523,60,40,6914,4609
141,University of Exeter,57.8,United Kingdom,20286,54,46,10954,9332
142,Pohang University of Science and Technology (POSTECH),57.7,South Korea,3238,24,76,777,2461
143,Ghent University,57.6,Belgium,35835,54,46,19351,16484
144,University of Vienna,57.6,Austria,33185,66,34,21902,11283
145,Autonomous University of Barcelona,57.5,Spain,32223,59,41,19012,13211
146,University of Cologne,57.3,Germany,37483,0,0,0,0
147,Indiana University,57.3,United States,65707,52,48,34168,31539
148,Lancaster University,57.3,United Kingdom,12202,51,49,6223,5979
149,University of Nottingham,57.2,United Kingdom,29431,54,46,15893,13538
150,Ulm University,57.2,Germany,10719,48,52,5145,5574
151,TU Dresden,57.0,Germany,33560,42,58,14095,19465
152,Tufts University,56.8,United States,10659,55,45,5862,4797
153,University of Leeds,56.6,United Kingdom,28677,60,40,17206,11471
154,Sant’Anna School of Advanced Studies – Pisa,56.6,Italy,737,38,62,280,457
155,Stockholm University,56.6,Sweden,31500,0,0,0,0
156,University of Cape Town,56.5,South Africa,22137,53,47,11733,10404
157,University of Florida,56.5,United States,46555,54,46,25140,21415
158,University of Aberdeen,56.3,United Kingdom,12211,55,45,6716,5495
159,University of Arizona,56.2,United States,39264,52,48,20417,18847
160,Hong Kong Polytechnic University,56.2,Hong Kong,21977,52,48,11428,10549
161,University of Würzburg,56.2,Germany,22264,57,43,12690,9574
162,Scuola Normale Superiore di Pisa,56.0,Italy,539,29,71,156,383
163,University of Sussex,56.0,United Kingdom,13891,55,45,7640,6251
164,University of Rochester,55.9,United States,9681,49,51,4744,4937
165,Technical University of Denmark,55.9,Denmark,9116,30,70,2735,6381
166,University of St Andrews,55.8,United Kingdom,8965,58,42,5200,3765
167,Vrije Universiteit Amsterdam,55.7,Netherlands,23919,57,43,13634,10285
168,"University of California, Santa Cruz",55.6,United States,17868,52,48,9291,8577
169,Eindhoven University of Technology,55.6,Netherlands,8443,25,75,2111,6332
170,University of Leicester,55.6,United Kingdom,14712,53,47,7797,6915
171,National Taiwan University,55.5,Taiwan,31783,40,60,12713,19070
172,Newcastle University,55.4,United Kingdom,21500,50,50,10750,10750
173,Texas A&M University,55.4,United States,58567,48,52,28112,30455
174,University of Notre Dame,55.3,United States,12035,45,55,5416,6619
175,University of Erlangen-Nuremberg,55.2,Germany,38368,49,51,18800,19568
176,University of Lausanne,54.9,Switzerland,11957,0,0,0,0
177,University of Ottawa,54.9,Canada,35002,59,41,20651,14351
178,"Rutgers, the State University of New Jersey",54.9,United States,44127,52,48,22946,21181
179,University of Alabama at Birmingham,54.8,United States,15744,62,38,9761,5983
180,University of Bologna,54.7,Italy,66998,57,43,38189,28809
181,Aalto University,54.5,Finland,12421,35,65,4347,8074
182,George Washington University,54.5,United States,22844,58,42,13250,9594
183,University of Liverpool,54.5,United Kingdom,21591,55,45,11875,9716
184,University of Münster,54.4,Germany,42974,54,46,23206,19768
185,Northeastern University,54.4,United States,19191,49,51,9404,9787
186,University of Twente,54.4,Netherlands,7149,37,63,2645,4504
187,Cardiff University,54.2,United Kingdom,24245,58,42,14062,10183
188,KTH Royal Institute of Technology,54.2,Sweden,12486,33,67,4120,8366
189,University of Konstanz,54.1,Germany,11288,55,45,6208,5080
190,Shanghai Jiao Tong University,54.1,China,40711,41,59,16692,24019
191,University of Duisburg-Essen,54.0,Germany,42931,48,52,20607,22324
192,University of East Anglia,54.0,United Kingdom,13984,61,39,8530,5454
193,Western University,54.0,Canada,29732,56,44,16650,13082
194,Aalborg University,53.9,Denmark,16021,0,0,0,0
195,Paris Diderot University – Paris 7,53.9,France,28918,63,37,18218,10700
196,University of Technology Sydney,53.6,Australia,25637,51,49,13075,12562
197,University of Bergen,53.3,Norway,13116,59,41,7738,5378
198,Korea University,53.2,South Korea,22705,0,0,0,0
199,University of Calgary,53.1,Canada,27489,0,0,0,0
200,Lomonosov Moscow State University,53.1,Russian Federation,29063,50,50,14532,14532
201,University of Antwerp,49.5–53.0,Belgium,15096,54,46,8152,6944
202,University of Auckland,49.5–53.0,New Zealand,30041,54,46,16222,13819
203,University of Barcelona,49.5–53.0,Spain,46002,62,38,28521,17481
204,University of Bath,49.5–53.0,United Kingdom,13199,46,54,6072,7127
205,Bielefeld University,49.5–53.0,Germany,24255,57,43,13825,10430
206,Brandeis University,49.5–53.0,United States,5385,55,45,2962,2423
207,University at Buffalo,49.5–53.0,United States,25419,45,55,11439,13980
208,"University of California, Riverside",49.5–53.0,United States,20864,52,48,10849,10015
209,Chalmers University of Technology,49.5–53.0,Sweden,9257,32,68,2962,6295
210,Copenhagen Business School,49.5–53.0,Denmark,17003,48,52,8161,8842
211,University of Dundee,49.5–53.0,United Kingdom,10960,62,38,6795,4165
212,École des Ponts ParisTech,49.5–53.0,France,1943,31,69,602,1341
213,École Normale Supérieure de Lyon,49.5–53.0,France,2207,46,54,1015,1192
214,University of Fribourg,49.5–53.0,Switzerland,10850,59,41,6402,4448
215,University of Gothenburg,49.5–53.0,Sweden,18873,0,0,0,0
216,University of Hawai’i at Mānoa,49.5–53.0,United States,15750,56,44,8820,6930
217,Hebrew University of Jerusalem,49.5–53.0,Israel,16492,56,44,9236,7256
218,University of Hohenheim,49.5–53.0,Germany,9373,57,43,5343,4030
219,University of Iowa,49.5–53.0,United States,27897,52,48,14506,13391
220,James Cook University,49.5–53.0,Australia,11882,63,37,7486,4396
221,University of Kiel,49.5–53.0,Germany,25957,53,47,13757,12200
222,King Abdulaziz University,49.5–53.0,Saudi Arabia,33111,55,45,18211,14900
223,Université Libre de Bruxelles,49.5–53.0,Belgium,26936,55,45,14815,12121
224,University of Luxembourg,49.5–53.0,Luxembourg,4969,50,50,2484,2484
225,Macquarie University,49.5–53.0,Australia,28729,53,47,15226,13503
226,University of Massachusetts,49.5–53.0,United States,59906,48,52,28755,31151
227,Medical University of Graz,49.5–53.0,Austria,3368,53,47,1785,1583
228,Medical University of Vienna,49.5–53.0,Austria,7086,51,49,3614,3472
229,University of Miami,49.5–53.0,United States,15923,51,49,8121,7802
230,University of Otago,49.5–53.0,New Zealand,18283,58,42,10604,7679
231,University of Padua,49.5–53.0,Italy,43289,55,45,23809,19480
232,Paris-Sud University,49.5–53.0,France,29509,56,44,16525,12984
233,University of Passau,49.5–53.0,Germany,10465,60,40,6279,4186
234,University of Potsdam,49.5–53.0,Germany,19294,59,41,11383,7911
235,Queen’s University Belfast,49.5–53.0,United Kingdom,17657,55,45,9711,7946
236,Queensland University of Technology,49.5–53.0,Australia,33931,54,46,18323,15608
237,University of Reading,49.5–53.0,United Kingdom,13394,57,43,7635,5759
238,Royal College of Surgeons in Ireland (RCSI),49.5–53.0,Ireland,2202,0,0,0,0
239,University of South Australia,49.5–53.0,Australia,17465,64,36,11178,6287
240,University of Tampere,49.5–53.0,Finland,9484,66,34,6259,3225
241,Tel Aviv University,49.5–53.0,Israel,22878,54,46,12354,10524
242,Tilburg University,49.5–53.0,Netherlands,7666,48,52,3680,3986
243,Ulsan National Institute of Science and Technology,49.5–53.0,South Korea,4255,27,73,1149,3106
244,University College Dublin,49.5–53.0,Ireland,22081,0,0,0,0
245,University of Utah,49.5–53.0,United States,30036,45,55,13516,16520
246,Vita-Salute San Raffaele University,49.5–53.0,Italy,2745,59,41,1620,1125
247,University of Waterloo,49.5–53.0,Canada,32395,46,54,14902,17493
248,William & Mary,49.5–53.0,United States,8098,55,45,4454,3644
249,University of the Witwatersrand,49.5–53.0,South Africa,28279,56,44,15836,12443
250,University of Wollongong,49.5–53.0,Australia,18209,51,49,9287,8922
251,Yonsei University (Seoul campus),49.5–53.0,South Korea,17875,46,54,8222,9652
252,Brighton and Sussex Medical School,46.4–49.4,United Kingdom,795,57,43,453,342
253,University of Canberra,46.4–49.4,Australia,10098,52,48,5251,4847
254,University of Cincinnati,46.4–49.4,United States,28049,52,48,14585,13464
255,Clark University,46.4–49.4,United States,3136,60,40,1882,1254
256,Colorado School of Mines,46.4–49.4,United States,5556,28,72,1556,4000
257,Dalhousie University,46.4–49.4,Canada,15150,55,45,8332,6818
258,University of Delaware,46.4–49.4,United States,20348,57,43,11598,8750
259,University of Essex,46.4–49.4,United Kingdom,11132,55,45,6123,5009
260,Flinders University,46.4–49.4,Australia,15939,64,36,10201,5738
261,Florida State University,46.4–49.4,United States,38661,56,44,21650,17011
262,Goethe University Frankfurt,46.4–49.4,Germany,45826,57,43,26121,19705
263,Griffith University,46.4–49.4,Australia,31574,57,43,17997,13577
264,University of Iceland,46.4–49.4,Iceland,8276,66,34,5462,2814
265,University of Illinois at Chicago,46.4–49.4,United States,25705,52,48,13367,12338
266,Indian Institute of Science,46.4–49.4,India,4071,21,79,855,3216
267,Jacobs University,46.4–49.4,Germany,1114,44,56,490,624
268,Johannes Gutenberg University of Mainz,46.4–49.4,Germany,32359,59,41,19092,13267
269,Laval University,46.4–49.4,Canada,29588,57,43,16865,12723
270,University of Marburg,46.4–49.4,Germany,25942,55,45,14268,11674
271,Moscow Institute of Physics and Technology,46.4–49.4,Russian Federation,5687,19,81,1081,4606
272,University of Navarra,46.4–49.4,Spain,10717,53,47,5680,5037
273,North Carolina State University,46.4–49.4,United States,30190,45,55,13586,16604
274,Oregon Health and Science University,46.4–49.4,United States,2899,65,35,1884,1015
275,Osaka University,46.4–49.4,Japan,23173,31,69,7184,15989
276,University of Oulu,46.4–49.4,Finland,9764,50,50,4882,4882
277,Queen’s University,46.4–49.4,Canada,22884,58,42,13273,9611
278,"Royal Holloway, University of London",46.4–49.4,United Kingdom,9099,60,40,5459,3640
279,Ruhr University Bochum,46.4–49.4,Germany,42425,49,51,20788,21637
280,"St George’s, University of London",46.4–49.4,United Kingdom,3240,62,38,2009,1231
281,University of São Paulo,46.4–49.4,Brazil,82962,48,52,39822,43140
282,Sapienza University of Rome,46.4–49.4,Italy,68282,57,43,38921,29361
283,Simon Fraser University,46.4–49.4,Canada,26313,55,45,14472,11841
284,University of Southern Denmark,46.4–49.4,Denmark,25975,53,47,13767,12208
285,University of South Florida,46.4–49.4,United States,33413,0,0,0,0
286,Stony Brook University,46.4–49.4,United States,23722,49,51,11624,12098
287,University of Stuttgart,46.4–49.4,Germany,26697,32,68,8543,18154
288,University of Surrey,46.4–49.4,United Kingdom,11987,53,47,6353,5634
289,Swansea University,46.4–49.4,United Kingdom,14978,45,55,6740,8238
290,Swedish University of Agricultural Sciences,46.4–49.4,Sweden,3745,69,31,2584,1161
291,Syracuse University,46.4–49.4,United States,20277,53,47,10747,9530
292,Technical University of Darmstadt,46.4–49.4,Germany,18221,30,70,5466,12755
293,University of Texas at Dallas,46.4–49.4,United States,20787,43,57,8938,11849
294,Tohoku University,46.4–49.4,Japan,17687,26,74,4599,13088
295,Tokyo Institute of Technology,46.4–49.4,Japan,9612,14,86,1346,8266
296,University of Trento,46.4–49.4,Italy,12856,51,49,6557,6299
297,Vienna University of Technology,46.4–49.4,Austria,17827,29,71,5170,12657
298,Virginia Polytechnic Institute and State University,46.4–49.4,United States,32296,43,57,13887,18409
299,Vrije Universiteit Brussel,46.4–49.4,Belgium,11101,54,46,5995,5106
300,Wake Forest University,46.4–49.4,United States,7588,52,48,3946,3642
301,Aix-Marseille University,44.0–46.3,France,69147,58,42,40105,29042
302,University of Alaska Fairbanks,44.0–46.3,United States,3667,50,50,1834,1834
303,Alfaisal University,44.0–46.3,Saudi Arabia,2407,58,42,1396,1011
304,American University,44.0–46.3,United States,10790,65,35,7014,3776
305,Anglia Ruskin University,44.0–46.3,United Kingdom,16498,61,39,10064,6434
306,Auckland University of Technology,44.0–46.3,New Zealand,18160,59,41,10714,7446
307,University of Bayreuth,44.0–46.3,Germany,12784,45,55,5753,7031
308,"Birkbeck, University of London",44.0–46.3,United Kingdom,8242,53,47,4368,3874
309,Boston College,44.0–46.3,United States,13035,55,45,7169,5866
310,University of Bremen,44.0–46.3,Germany,19173,50,50,9586,9586
311,University of Canterbury,44.0–46.3,New Zealand,12492,49,51,6121,6371
312,University of Colorado Denver,44.0–46.3,United States,17853,56,44,9998,7855
313,University of Connecticut,44.0–46.3,United States,30356,53,47,16089,14267
314,Curtin University,44.0–46.3,Australia,30904,51,49,15761,15143
315,Cyprus University of Technology,44.0–46.3,Cyprus,3114,56,44,1744,1370
316,University of Denver,44.0–46.3,United States,9421,57,43,5370,4051
317,Federal University of Toulouse Midi-Pyrénées,44.0–46.3,France,101658,52,48,52862,48796
318,George Mason University,44.0–46.3,United States,28261,54,46,15261,13000
319,Grenoble Alpes University,44.0–46.3,France,40758,53,47,21602,19156
320,Heriot-Watt University,44.0–46.3,United Kingdom,9158,41,59,3755,5403
321,Higher School of Economics,44.0–46.3,Russian Federation,19527,0,0,0,0
322,University of Houston,44.0–46.3,United States,42962,50,50,21481,21481
323,Khalifa University,44.0–46.3,United Arab Emirates,3288,51,49,1677,1611
324,La Trobe University,44.0–46.3,Australia,21203,62,38,13146,8057
325,University of Liège,44.0–46.3,Belgium,20730,56,44,11609,9121
326,University of Malaya,44.0–46.3,Malaysia,17095,57,43,9744,7351
327,University of Milan,44.0–46.3,Italy,46843,59,41,27637,19206
328,Montpellier University,44.0–46.3,France,39837,53,47,21114,18723
329,Nagoya University,44.0–46.3,Japan,15630,29,71,4533,11097
330,University of Naples Federico II,44.0–46.3,Italy,49789,56,44,27882,21907
331,"National University of Ireland, Galway",44.0–46.3,Ireland,13888,57,43,7916,5972
332,University of Newcastle,44.0–46.3,Australia,22220,55,45,12221,9999
333,University of New Mexico,44.0–46.3,United States,21506,55,45,11828,9678
334,Oregon State University,44.0–46.3,United States,24280,46,54,11169,13111
335,University of Pisa,44.0–46.3,Italy,32751,52,48,17031,15720
336,Polytechnic University of Milan,44.0–46.3,Italy,33663,34,66,11445,22218
337,Reykjavík University,44.0–46.3,Iceland,3110,42,58,1306,1804
338,Southern University of Science and Technology (SUSTech),44.0–46.3,China,2115,33,67,698,1417
339,Stellenbosch University,44.0–46.3,South Africa,23750,55,45,13062,10688
340,Sun Yat-sen University,44.0–46.3,China,51061,51,49,26041,25020
341,University of Tartu,44.0–46.3,Estonia,8518,68,32,5792,2726
342,Technion Israel Institute of Technology,44.0–46.3,Israel,14703,36,64,5293,9410
343,"University of Tennessee, Knoxville",44.0–46.3,United States,25720,0,0,0,0
344,Technical University of Dortmund,44.0–46.3,Germany,33665,45,55,15149,18516
345,Tulane University,44.0–46.3,United States,11120,57,43,6338,4782
346,Umeå University,44.0–46.3,Sweden,16762,60,40,10057,6705
347,University College Cork,44.0–46.3,Ireland,16578,57,43,9449,7129
348,Université de Versailles Saint-Quentin-en-Yvelines,44.0–46.3,France,16817,59,41,9922,6895
349,University of Victoria,44.0–46.3,Canada,19286,56,44,10800,8486
350,Victoria University,44.0–46.3,Australia,15153,53,47,8031,7122
351,Washington State University,44.0–46.3,United States,27689,52,48,14398,13291
352,Wayne State University,44.0–46.3,United States,22123,55,45,12168,9955
353,Wuhan University,44.0–46.3,China,50015,0,0,0,0
354,Aberystwyth University,41.7–43.9,United Kingdom,7163,47,53,3367,3796
355,Aston University,41.7–43.9,United Kingdom,9926,49,51,4864,5062
356,Autonomous University of Madrid,41.7–43.9,Spain,29532,59,41,17424,12108
357,Babol Noshirvani University of Technology,41.7–43.9,Iran,5353,33,67,1766,3587
358,"University of California, Merced",41.7–43.9,United States,6680,51,49,3407,3273
359,"City, University of London",41.7–43.9,United Kingdom,14067,56,44,7878,6189
360,University of Côte d’Azur,41.7–43.9,France,35112,55,45,19312,15800
361,University of Crete,41.7–43.9,Greece,14890,61,39,9083,5807
362,University of Cyprus,41.7–43.9,Cyprus,6861,67,33,4597,2264
363,Deakin University,41.7–43.9,Australia,37330,58,42,21651,15679
364,Drexel University,41.7–43.9,United States,19650,49,51,9628,10022
365,University of Eastern Finland,41.7–43.9,Finland,11572,63,37,7290,4282
366,Free University of Bozen-Bolzano,41.7–43.9,Italy,3445,67,33,2308,1137
367,Hanyang University,41.7–43.9,South Korea,20010,0,0,0,0
368,Hofstra University,41.7–43.9,United States,9813,57,43,5593,4220
369,Huazhong University of Science and Technology,41.7–43.9,China,56282,35,65,19699,36583
370,IMT Atlantique,41.7–43.9,France,1664,0,0,0,0
371,Indian Institute of Technology Indore,41.7–43.9,India,1118,15,85,168,950
372,University of Innsbruck,41.7–43.9,Austria,14524,54,46,7843,6681
373,Iowa State University,41.7–43.9,United States,31931,44,56,14050,17881
374,Jordan University of Science and Technology,41.7–43.9,Jordan,22318,57,43,12721,9597
375,Justus Liebig University Giessen,41.7–43.9,Germany,28389,61,39,17317,11072
376,University of Kansas,41.7–43.9,United States,24450,51,49,12470,11980
377,University of Kent,41.7–43.9,United Kingdom,17369,53,47,9206,8163
378,Kyung Hee University,41.7–43.9,South Korea,22013,45,55,9906,12107
379,Linköping University,41.7–43.9,Sweden,18221,55,45,10022,8199
380,University of Macau,41.7–43.9,Macao,9893,58,42,5738,4155
381,Maynooth University,41.7–43.9,Ireland,8768,56,44,4910,3858
382,University of Modena and Reggio Emilia,41.7–43.9,Italy,16137,53,47,8553,7584
383,Nankai University,41.7–43.9,China,28336,0,0,0,0
384,National Research Nuclear University MEPhI,41.7–43.9,Russian Federation,6804,30,70,2041,4763
385,University of Nebraska-Lincoln,41.7–43.9,United States,22728,48,52,10909,11819
386,Norwegian University of Science and Technology,41.7–43.9,Norway,34803,49,51,17053,17750
387,University of Perugia,41.7–43.9,Italy,23401,56,44,13105,10296
388,Rensselaer Polytechnic Institute,41.7–43.9,United States,7459,32,68,2387,5072
389,Rush University,41.7–43.9,United States,2426,74,26,1795,631
390,Sabancı University,41.7–43.9,Turkey,3632,38,62,1380,2252
391,University of Salerno,41.7–43.9,Italy,23171,58,42,13439,9732
392,University of Siena,41.7–43.9,Italy,12143,59,41,7164,4979
393,University of Stirling,41.7–43.9,United Kingdom,9183,62,38,5693,3490
394,University of Tasmania,41.7–43.9,Australia,11920,57,43,6794,5126
395,Temple University,41.7–43.9,United States,34450,52,48,17914,16536
396,University of Turku,41.7–43.9,Finland,12604,62,38,7814,4790
397,United Arab Emirates University,41.7–43.9,United Arab Emirates,7494,81,19,6070,1424
398,University of Vermont,41.7–43.9,United States,11126,56,44,6231,4895
399,Western Sydney University,41.7–43.9,Australia,32461,55,45,17854,14607
400,York University,41.7–43.9,Canada,46220,57,43,26345,19875
401,University of Alabama,37.1–41.6,United States,34539,55,45,18996,15543
402,University of Alabama in Huntsville,37.1–41.6,United States,5969,44,56,2626,3343
403,American University of Beirut,37.1–41.6,Lebanon,8214,51,49,4189,4025
404,Australian Catholic University,37.1–41.6,Australia,23078,73,27,16847,6231
405,Bangor University,37.1–41.6,United Kingdom,9277,56,44,5195,4082
406,University of Bari Aldo Moro,37.1–41.6,Italy,30273,61,39,18467,11806
407,Bar-Ilan University,37.1–41.6,Israel,16637,59,41,9816,6821
408,University of Bordeaux,37.1–41.6,France,54484,58,42,31601,22883
409,Brunel University London,37.1–41.6,United Kingdom,10979,47,53,5160,5819
410,University of Calabria,37.1–41.6,Italy,29008,60,40,17405,11603
411,University of Campinas,37.1–41.6,Brazil,27936,47,53,13130,14806
412,Catholic University of the Sacred Heart,37.1–41.6,Italy,30690,66,34,20255,10435
413,Centrale Nantes,37.1–41.6,France,1656,25,75,414,1242
414,CentraleSupélec,37.1–41.6,France,4339,22,78,955,3384
415,Charles University in Prague,37.1–41.6,Czech Republic,49236,62,38,30526,18710
416,Claude Bernard University Lyon 1,37.1–41.6,France,26034,52,48,13538,12496
417,Colorado State University,37.1–41.6,United States,25374,53,47,13448,11926
418,Complutense University of Madrid,37.1–41.6,Spain,64466,61,39,39324,25142
419,University of Desarrollo,37.1–41.6,Chile,15925,55,45,8759,7166
420,Diego Portales University,37.1–41.6,Chile,16802,49,51,8233,8569
421,Dublin City University,37.1–41.6,Ireland,9748,50,50,4874,4874
422,University of Ferrara,37.1–41.6,Italy,14464,56,44,8100,6364
423,University of Florence,37.1–41.6,Italy,35055,55,45,19280,15775
424,Florida International University,37.1–41.6,United States,33394,56,44,18701,14693
425,Fujita Health University,37.1–41.6,Japan,2810,55,45,1546,1264
426,University of Genoa,37.1–41.6,Italy,23547,55,45,12951,10596
427,University of Georgia,37.1–41.6,United States,34707,57,43,19783,14924
428,Georgia State University,37.1–41.6,United States,33233,59,41,19607,13626
429,Graz University of Technology,37.1–41.6,Austria,6403,23,77,1473,4930
430,University of Greifswald,37.1–41.6,Germany,10414,56,44,5832,4582
431,Gwangju Institute of Science and Technology,37.1–41.6,South Korea,1964,26,74,511,1453
432,Hamburg University of Technology,37.1–41.6,Germany,7452,26,74,1938,5514
433,Harbin Institute of Technology,37.1–41.6,China,30116,31,69,9336,20780
434,Hasselt University,37.1–41.6,Belgium,5256,47,53,2470,2786
435,Hokkaido University,37.1–41.6,Japan,18114,30,70,5434,12680
436,Hong Kong Baptist University,37.1–41.6,Hong Kong,10872,62,38,6741,4131
437,Indian Institute of Technology Bombay,37.1–41.6,India,10001,18,82,1800,8201
438,Indian Institute of Technology Roorkee,37.1–41.6,India,7925,10,90,792,7132
439,JSS Academy of Higher Education and Research,37.1–41.6,India,5421,55,45,2982,2439
440,University of Jyväskylä,37.1–41.6,Finland,10338,60,40,6203,4135
441,University of Kaiserslautern,37.1–41.6,Germany,14648,38,62,5566,9082
442,University of Kentucky,37.1–41.6,United States,27299,55,45,15014,12285
443,Koç University,37.1–41.6,Turkey,5378,52,48,2797,2581
444,University of KwaZulu-Natal,37.1–41.6,South Africa,35451,58,42,20562,14889
445,Kyushu University,37.1–41.6,Japan,18647,28,72,5221,13426
446,Leibniz University Hanover,37.1–41.6,Germany,26318,40,60,10527,15791
447,University of Lille,37.1–41.6,France,66710,56,44,37358,29352
448,Loughborough University,37.1–41.6,United Kingdom,14225,39,61,5548,8677
449,University of Manitoba,37.1–41.6,Canada,29260,54,46,15800,13460
450,Marche Polytechnic University,37.1–41.6,Italy,10850,48,52,5208,5642
451,Middlesex University,37.1–41.6,United Kingdom,15135,60,40,9081,6054
452,University of Milan-Bicocca,37.1–41.6,Italy,26508,62,38,16435,10073
453,University of Montana,37.1–41.6,United States,8957,56,44,5016,3941
454,Murdoch University,37.1–41.6,Australia,15723,59,41,9277,6446
455,National Taiwan University of Science and Technology (Taiwan Tech),37.1–41.6,Taiwan,8087,30,70,2426,5661
456,National Tsing Hua University,37.1–41.6,Taiwan,16037,41,59,6575,9462
457,University of Nebraska Medical Center,37.1–41.6,United States,2806,67,33,1880,926
458,New Mexico Institute of Mining and Technology,37.1–41.6,United States,1791,28,72,501,1290
459,Northern Arizona University,37.1–41.6,United States,27449,59,41,16195,11254
460,Northumbria University,37.1–41.6,United Kingdom,22084,54,46,11925,10159
461,University of Oklahoma,37.1–41.6,United States,27352,52,48,14223,13129
462,Örebro University,37.1–41.6,Sweden,9437,61,39,5757,3680
463,University of Pavia,37.1–41.6,Italy,24032,56,44,13458,10574
464,University of Plymouth,37.1–41.6,United Kingdom,17901,54,46,9667,8234
465,Polytechnic University of Bari,37.1–41.6,Italy,6107,32,68,1954,4153
466,Polytechnic University of Turin,37.1–41.6,Italy,31008,29,71,8992,22016
467,University of Porto,37.1–41.6,Portugal,31855,55,45,17520,14335
468,University of Portsmouth,37.1–41.6,United Kingdom,19305,45,55,8687,10618
469,Qatar University,37.1–41.6,Qatar,14395,75,25,10796,3599
470,RMIT University,37.1–41.6,Australia,32151,47,53,15111,17040
471,University of Rome II – Tor Vergata,37.1–41.6,Italy,34899,52,48,18147,16752
472,University of Rome III,37.1–41.6,Italy,32615,58,42,18917,13698
473,University of Rovira i Virgili,37.1–41.6,Spain,12709,59,41,7498,5211
474,Royal Veterinary College,37.1–41.6,United Kingdom,1966,77,23,1514,452
475,University of St Gallen,37.1–41.6,Switzerland,7495,35,65,2623,4872
476,University of Saskatchewan,37.1–41.6,Canada,16884,56,44,9455,7429
477,Sciences Po,37.1–41.6,France,11584,59,41,6835,4749
478,Semmelweis University,37.1–41.6,Hungary,10809,67,33,7242,3567
479,University of Siegen,37.1–41.6,Germany,19586,49,51,9597,9989
480,SOAS University of London,37.1–41.6,United Kingdom,4965,65,35,3227,1738
481,University of South Carolina-Columbia,37.1–41.6,United States,31547,55,45,17351,14196
482,State University of New York Albany,37.1–41.6,United States,15954,52,48,8296,7658
483,University of Strasbourg,37.1–41.6,France,45482,58,42,26380,19102
484,University of Strathclyde,37.1–41.6,United Kingdom,17727,50,50,8864,8864
485,Swinburne University of Technology,37.1–41.6,Australia,12862,38,62,4888,7974
486,Tampere University of Technology,37.1–41.6,Finland,5439,23,77,1251,4188
487,Teikyo University,37.1–41.6,Japan,23711,34,66,8062,15649
488,Tokyo Medical and Dental University (TMDU),37.1–41.6,Japan,2986,50,50,1493,1493
489,Tokyo Metropolitan University,37.1–41.6,Japan,9185,36,64,3307,5878
490,Tongji University,37.1–41.6,China,36511,40,60,14604,21907
491,University of Trieste,37.1–41.6,Italy,16084,56,44,9007,7077
492,University of Tsukuba,37.1–41.6,Japan,16717,39,61,6520,10197
493,University of Tulsa,37.1–41.6,United States,4563,43,57,1962,2601
494,University of Turin,37.1–41.6,Italy,52495,61,39,32022,20473
495,UiT The Arctic University of Norway,37.1–41.6,Norway,16266,58,42,9434,6832
496,University of Urbino Carlo Bo,37.1–41.6,Italy,14386,61,39,8775,5611
497,University of Valencia,37.1–41.6,Spain,50927,62,38,31575,19352
498,Verona University,37.1–41.6,Italy,19030,65,35,12370,6660
499,University of Waikato,37.1–41.6,New Zealand,9805,58,42,5687,4118
500,Victoria University of Wellington,37.1–41.6,New Zealand,17391,56,44,9739,7652
501,University of the West of Scotland,37.1–41.6,United Kingdom,11161,58,42,6473,4688
502,University of Wisconsin-Milwaukee,37.1–41.6,United States,21251,53,47,11263,9988
503,Amirkabir University of Technology,33.5–37.0,Iran,11918,35,65,4171,7747
504,University of Aveiro,33.5–37.0,Portugal,9842,51,49,5019,4823
505,University of the Balearic Islands,33.5–37.0,Spain,11507,59,41,6789,4718
506,Beihang University,33.5–37.0,China,29520,0,0,0,0
507,University of Bergamo,33.5–37.0,Italy,17349,62,38,10756,6593
508,Bilkent University,33.5–37.0,Turkey,10659,46,54,4903,5756
509,"Binghamton University, State University of New York",33.5–37.0,United States,17582,48,52,8439,9143
510,Boğaziçi University,33.5–37.0,Turkey,12374,49,51,6063,6311
511,Bond University,33.5–37.0,Australia,3273,53,47,1735,1538
512,Université Bourgogne Franche-Comté (UBFC),33.5–37.0,France,58837,54,46,31772,27065
513,Bournemouth University,33.5–37.0,United Kingdom,12777,57,43,7283,5494
514,University of Brescia,33.5–37.0,Italy,14296,46,54,6576,7720
515,Carleton University,33.5–37.0,Canada,26856,48,52,12891,13965
516,University of Catania,33.5–37.0,Italy,26267,57,43,14972,11295
517,Central Queensland University,33.5–37.0,Australia,13770,56,44,7711,6059
518,Charles Darwin University,33.5–37.0,Australia,6537,64,36,4184,2353
519,Chemnitz University of Technology,33.5–37.0,Germany,10831,42,58,4549,6282
520,"China Medical University, Taiwan",33.5–37.0,Taiwan,7730,54,46,4174,3556
521,Chung-Ang University,33.5–37.0,South Korea,13815,0,0,0,0
522,University of Coimbra,33.5–37.0,Portugal,21236,56,44,11892,9344
523,Creighton University,33.5–37.0,United States,8281,62,38,5134,3147
524,East China Normal University,33.5–37.0,China,25237,66,34,16656,8581
525,Edith Cowan University,33.5–37.0,Australia,17100,60,40,10260,6840
526,University of Graz,33.5–37.0,Austria,20586,64,36,13175,7411
527,University of Guelph,33.5–37.0,Canada,21644,59,41,12770,8874
528,Hacettepe University,33.5–37.0,Turkey,42827,57,43,24411,18416
529,University of Hull,33.5–37.0,United Kingdom,13433,53,47,7119,6314
530,Hunan University,33.5–37.0,China,42692,45,55,19211,23481
531,University of Idaho,33.5–37.0,United States,9675,48,52,4644,5031
532,Indian Institute of Technology Delhi,33.5–37.0,India,8130,16,84,1301,6829
533,Indian Institute of Technology Kanpur,33.5–37.0,India,6609,14,86,925,5684
534,Indian Institute of Technology Kharagpur,33.5–37.0,India,9397,14,86,1316,8081
535,ITMO University,33.5–37.0,Russian Federation,10268,38,62,3902,6366
536,Johannes Kepler University of Linz,33.5–37.0,Austria,6345,52,48,3299,3046
537,University of Kashan,33.5–37.0,Iran,7844,55,45,4314,3530
538,Keele University,33.5–37.0,United Kingdom,8505,57,43,4848,3657
539,Kent State University,33.5–37.0,United States,24469,59,41,14437,10032
540,King Saud University,33.5–37.0,Saudi Arabia,38917,51,49,19848,19069
541,King Saud bin Abdulaziz University for Health Sciences,33.5–37.0,Saudi Arabia,8122,47,53,3817,4305
542,University of La Laguna,33.5–37.0,Spain,18736,58,42,10867,7869
543,Lappeenranta-Lahti University of Technology LUT,33.5–37.0,Finland,3670,31,69,1138,2532
544,Lehigh University,33.5–37.0,United States,6443,44,56,2835,3608
545,University of Limerick,33.5–37.0,Ireland,13969,48,52,6705,7264
546,Lincoln University,33.5–37.0,New Zealand,2426,49,51,1189,1237
547,University of Lisbon,33.5–37.0,Portugal,50170,50,50,25085,25085
548,Liverpool John Moores University,33.5–37.0,United Kingdom,18752,54,46,10126,8626
549,Louisiana State University,33.5–37.0,United States,29533,52,48,15357,14176
550,Makerere University,33.5–37.0,Uganda,38596,52,48,20070,18526
551,"University of Maryland, Baltimore County",33.5–37.0,United States,11647,45,55,5241,6406
552,Massey University,33.5–37.0,New Zealand,18944,62,38,11745,7199
553,Memorial University of Newfoundland,33.5–37.0,Canada,15154,57,43,8638,6516
554,Missouri University of Science and Technology,33.5–37.0,United States,8135,23,77,1871,6264
555,Montana State University,33.5–37.0,United States,14192,46,54,6528,7664
556,Nanjing University of Information Science and Technology,33.5–37.0,China,19265,0,0,0,0
557,National and Kapodistrian University of Athens,33.5–37.0,Greece,54364,62,38,33706,20658
558,National Cheng Kung University (NCKU),33.5–37.0,Taiwan,20511,36,64,7384,13127
559,National Chiao Tung University,33.5–37.0,Taiwan,12053,28,72,3375,8678
560,National Yang-Ming University,33.5–37.0,Taiwan,4255,48,52,2042,2213
561,University of Neuchâtel,33.5–37.0,Switzerland,4352,59,41,2568,1784
562,New Jersey Institute of Technology,33.5–37.0,United States,12044,24,76,2891,9153
563,Norwegian University of Life Sciences,33.5–37.0,Norway,5700,60,40,3420,2280
564,NOVA University of Lisbon,33.5–37.0,Portugal,19885,50,50,9942,9942
565,Novosibirsk State University,33.5–37.0,Russian Federation,7250,57,43,4132,3118
566,Oklahoma State University,33.5–37.0,United States,21638,49,51,10603,11035
567,The Open University,33.5–37.0,United Kingdom,64638,61,39,39429,25209
568,Oxford Brookes University,33.5–37.0,United Kingdom,14006,59,41,8264,5742
569,University of Palermo,33.5–37.0,Italy,28801,58,42,16705,12096
570,Panthéon-Sorbonne University – Paris 1,33.5–37.0,France,40917,60,40,24550,16367
571,University of Parma,33.5–37.0,Italy,24346,56,44,13634,10712
572,Universidad Peruana Cayetano Heredia,33.5–37.0,Peru,5885,60,40,3531,2354
573,University of the Philippines,33.5–37.0,Philippines,45410,53,47,24067,21343
574,Polytechnic University of Catalonia,33.5–37.0,Spain,21591,28,72,6045,15546
575,Pontifical Javeriana University,33.5–37.0,Colombia,29643,56,44,16600,13043
576,Renmin University of China,33.5–37.0,China,25168,0,0,0,0
577,Saint Louis University,33.5–37.0,United States,11220,59,41,6620,4600
578,Saint Petersburg State University,33.5–37.0,Russian Federation,21644,64,36,13852,7792
579,University of Salento,33.5–37.0,Italy,11927,63,37,7514,4413
580,San Diego State University,33.5–37.0,United States,29974,55,45,16486,13488
581,Savitribai Phule Pune University,33.5–37.0,India,6186,46,54,2846,3340
582,Sejong University,33.5–37.0,South Korea,11886,47,53,5586,6300
583,Shandong University,33.5–37.0,China,46351,0,0,0,0
584,Soochow University,33.5–37.0,China,42684,58,42,24757,17927
585,South China University of Technology,33.5–37.0,China,42472,36,64,15290,27182
586,Southeast University,33.5–37.0,China,33063,40,60,13225,19838
587,Southern Cross University,33.5–37.0,Australia,8678,64,36,5554,3124
588,Stevens Institute of Technology,33.5–37.0,United States,5636,29,71,1634,4002
589,Taipei Medical University,33.5–37.0,Taiwan,5895,57,43,3360,2535
590,University of Texas at San Antonio,33.5–37.0,United States,26089,50,50,13044,13044
591,Tianjin University,33.5–37.0,China,33429,0,0,0,0
592,University of Toledo,33.5–37.0,United States,18238,50,50,9119,9119
593,Tomsk Polytechnic University,33.5–37.0,Russian Federation,9682,33,67,3195,6487
594,Tomsk State University,33.5–37.0,Russian Federation,7673,0,0,0,0
595,Universiti Tunku Abdul Rahman (UTAR),33.5–37.0,Malaysia,19179,52,48,9973,9206
596,University of Udine,33.5–37.0,Italy,11472,53,47,6080,5392
597,University of Ulsan,33.5–37.0,South Korea,13523,46,54,6221,7302
598,The University of the West Indies,33.5–37.0,Jamaica,43295,68,32,29441,13854
599,Worcester Polytechnic Institute,33.5–37.0,United States,5517,33,67,1821,3696
600,Xiamen University,33.5–37.0,China,40507,49,51,19848,20659
601,Xi’an Jiaotong University,33.5–37.0,China,33973,34,66,11551,22422
602,University of the Aegean,26.0–33.4,Greece,12352,57,43,7041,5311
603,The University of Aizu,26.0–33.4,Japan,1165,11,89,128,1037
604,University of Alcalá,26.0–33.4,Spain,17711,55,45,9741,7970
605,University of Algarve,26.0–33.4,Portugal,7501,57,43,4276,3225
606,American University in Cairo,26.0–33.4,Egypt,5997,54,46,3238,2759
607,Amrita Vishwa Vidyapeetham,26.0–33.4,India,14395,0,0,0,0
608,"University of the Andes, Colombia",26.0–33.4,Colombia,15921,45,55,7164,8757
609,Aristotle University of Thessaloniki,26.0–33.4,Greece,46597,58,42,27026,19571
610,University of Arkansas,26.0–33.4,United States,24545,52,48,12763,11782
611,Athens University of Economics and Business,26.0–33.4,Greece,9839,47,53,4624,5215
612,Auburn University,26.0–33.4,United States,24274,50,50,12137,12137
613,Banaras Hindu University,26.0–33.4,India,12220,27,73,3299,8921
614,University of the Basque Country,26.0–33.4,Spain,42581,53,47,22568,20013
615,Baylor University,26.0–33.4,United States,16932,57,43,9651,7281
616,Beijing Institute of Technology,26.0–33.4,China,28910,35,65,10118,18792
617,University of Beira Interior,26.0–33.4,Portugal,6909,52,48,3593,3316
618,Ben-Gurion University of the Negev,26.0–33.4,Israel,15133,53,47,8020,7113
619,Benha University,26.0–33.4,Egypt,89763,42,58,37700,52063
620,Beni-Suef University,26.0–33.4,Egypt,66543,44,56,29279,37264
621,University of Bradford,26.0–33.4,United Kingdom,9239,56,44,5174,4065
622,University of Brighton,26.0–33.4,United Kingdom,16906,58,42,9805,7101
623,Ca’ Foscari University of Venice,26.0–33.4,Italy,16090,65,35,10458,5632
624,University of Cagliari,26.0–33.4,Italy,27885,59,41,16452,11433
625,Carlos III University of Madrid,26.0–33.4,Spain,16917,43,57,7274,9643
626,Catholic University of Portugal,26.0–33.4,Portugal,10904,60,40,6542,4362
627,University of Central Florida,26.0–33.4,United States,54697,56,44,30630,24067
628,Central South University,26.0–33.4,China,53069,41,59,21758,31311
629,Chang Gung University,26.0–33.4,Taiwan,7527,44,56,3312,4215
630,Chiba University,26.0–33.4,Japan,13898,37,63,5142,8756
631,University of Chile,26.0–33.4,Chile,39345,47,53,18492,20853
632,China Agricultural University,26.0–33.4,China,19056,58,42,11052,8004
633,"China University of Geosciences, Beijing",26.0–33.4,China,18114,32,68,5796,12318
634,University of Clermont Auvergne,26.0–33.4,France,34572,57,43,19706,14866
635,COMSATS University Islamabad,26.0–33.4,Pakistan,31413,25,75,7853,23560
636,Concordia University,26.0–33.4,Canada,32065,50,50,16032,16032
637,University of Costa Rica,26.0–33.4,Costa Rica,32276,50,50,16138,16138
638,Covenant University,26.0–33.4,Nigeria,9369,37,63,3467,5902
639,Coventry University,26.0–33.4,United Kingdom,25118,48,52,12057,13061
640,Dalian University of Technology,26.0–33.4,China,39075,35,65,13676,25399
641,University of Dayton,26.0–33.4,United States,10116,52,48,5260,4856
642,University of Delhi,26.0–33.4,India,22854,47,53,10741,12113
643,De Montfort University,26.0–33.4,United Kingdom,17131,57,43,9765,7366
644,University of Deusto,26.0–33.4,Spain,8665,59,41,5112,3553
645,East China University of Science and Technology,26.0–33.4,China,21602,40,60,8641,12961
646,Eastern Mediterranean University,26.0–33.4,Northern Cyprus,19694,37,63,7287,12407
647,École Centrale de Lyon,26.0–33.4,France,1938,26,74,504,1434
648,École normale supérieure Paris-Saclay,26.0–33.4,France,1830,30,70,549,1281
649,Edinburgh Napier University,26.0–33.4,United Kingdom,11156,56,44,6247,4909
650,Embry-Riddle Aeronautical University,26.0–33.4,United States,16010,17,83,2722,13288
651,Eötvös Loránd University,26.0–33.4,Hungary,27267,65,35,17724,9543
652,Ewha Womans University,26.0–33.4,South Korea,14893,100,0,14893,0
653,Federal University of Minas Gerais,26.0–33.4,Brazil,44108,53,47,23377,20731
654,Federal University of Rio de Janeiro,26.0–33.4,Brazil,55109,54,46,29759,25350
655,Federal University of Rio Grande do Sul,26.0–33.4,Brazil,47931,50,50,23966,23966
656,Federal University of São Paulo (UNIFESP),26.0–33.4,Brazil,13520,60,40,8112,5408
657,Federico Santa María Technical University,26.0–33.4,Chile,19273,24,76,4626,14647
658,Fordham University,26.0–33.4,United States,12646,59,41,7461,5185
659,Fuzhou University,26.0–33.4,China,34664,42,58,14559,20105
660,Glasgow Caledonian University,26.0–33.4,United Kingdom,12986,59,41,7662,5324
661,University of Granada,26.0–33.4,Spain,52989,57,43,30204,22785
662,University of Greenwich,26.0–33.4,United Kingdom,14579,57,43,8310,6269
663,University of Haifa,26.0–33.4,Israel,17848,66,34,11780,6068
664,University of Hertfordshire,26.0–33.4,United Kingdom,17555,54,46,9480,8075
665,Hiroshima University,26.0–33.4,Japan,14875,37,63,5504,9371
666,Huazhong Agricultural University,26.0–33.4,China,26178,53,47,13874,12304
667,University of Huddersfield,26.0–33.4,United Kingdom,15055,55,45,8280,6775
668,University of Ibadan,26.0–33.4,Nigeria,25416,46,54,11691,13725
669,Ilmenau University of Technology,26.0–33.4,Germany,6253,27,73,1688,4565
670,"Indian Institute of Science Education and Research, Pune",26.0–33.4,India,1130,33,67,373,757
671,Indian Institute of Technology Bhubaneswar,26.0–33.4,India,1016,15,85,152,864
672,Indian Institute of Technology Guwahati,26.0–33.4,India,5592,17,83,951,4641
673,Indian Institute of Technology Hyderabad,26.0–33.4,India,1969,20,80,394,1575
674,Indian Institute of Technology Madras,26.0–33.4,India,9013,20,80,1803,7210
675,University of Indonesia,26.0–33.4,Indonesia,41144,60,40,24686,16458
676,University of Ioannina,26.0–33.4,Greece,22492,56,44,12596,9896
677,Iran University of Science and Technology,26.0–33.4,Iran,14208,31,69,4404,9804
678,ISCTE-University Institute of Lisbon,26.0–33.4,Portugal,8866,49,51,4344,4522
679,Isfahan University of Technology,26.0–33.4,Iran,9816,43,57,4221,5595
680,Istanbul Technical University,26.0–33.4,Turkey,34594,34,66,11762,22832
681,Jadavpur University,26.0–33.4,India,11515,32,68,3685,7830
682,Jagiellonian University,26.0–33.4,Poland,42131,67,33,28228,13903
683,Jaume I University,26.0–33.4,Spain,12581,58,42,7297,5284
684,University of Johannesburg,26.0–33.4,South Africa,25515,55,45,14033,11482
685,Juntendo University,26.0–33.4,Japan,4407,52,48,2292,2115
686,Kafrelsheikh University,26.0–33.4,Egypt,66990,51,49,34165,32825
687,Kansas State University,26.0–33.4,United States,21970,50,50,10985,10985
688,Kazan Federal University,26.0–33.4,Russian Federation,26021,68,32,17694,8327
689,Universiti Kebangsaan Malaysia,26.0–33.4,Malaysia,18904,60,40,11342,7562
690,Keio University,26.0–33.4,Japan,34740,35,65,12159,22581
691,Kindai University,26.0–33.4,Japan,32322,30,70,9697,22625
692,King Fahd University of Petroleum and Minerals,26.0–33.4,Saudi Arabia,6427,0,100,0,6427
693,Kingston University,26.0–33.4,United Kingdom,16545,56,44,9265,7280
694,Kobe University,26.0–33.4,Japan,15786,35,65,5525,10261
695,Konkuk University,26.0–33.4,South Korea,14173,59,41,8362,5811
696,University of Las Palmas de Gran Canaria,26.0–33.4,Spain,18532,56,44,10378,8154
697,Lebanese American University,26.0–33.4,Lebanon,7734,51,49,3944,3790
698,University of Leoben,26.0–33.4,Austria,3103,23,77,714,2389
699,University of Lincoln,26.0–33.4,United Kingdom,11477,55,45,6312,5165
700,University of Ljubljana,26.0–33.4,Slovenia,40834,60,40,24500,16334
701,University of Lorraine,26.0–33.4,France,57103,52,48,29694,27409
702,Louisiana Tech University,26.0–33.4,United States,11138,45,55,5012,6126
703,Mahidol University,26.0–33.4,Thailand,28611,64,36,18311,10300
704,Manchester Metropolitan University,26.0–33.4,United Kingdom,27732,58,42,16085,11647
705,Mansoura University,26.0–33.4,Egypt,136359,54,46,73634,62725
706,Marquette University,26.0–33.4,United States,10494,53,47,5562,4932
707,Masaryk University,26.0–33.4,Czech Republic,33243,62,38,20611,12632
708,Mashhad University of Medical Sciences,26.0–33.4,Iran,9015,61,39,5499,3516
709,Middle East Technical University,26.0–33.4,Turkey,27294,44,56,12009,15285
710,Miguel Hernández University of Elche ,26.0–33.4,Spain,13667,50,50,6834,6834
711,University of Minho,26.0–33.4,Portugal,18299,54,46,9881,8418
712,Mississippi State University,26.0–33.4,United States,23609,51,49,12041,11568
713,Monterrey Institute of Technology,26.0–33.4,Mexico,14215,41,59,5828,8387
714,Nanjing Agricultural University,26.0–33.4,China,26198,55,45,14409,11789
715,Nanjing Medical University,26.0–33.4,China,13707,0,0,0,0
716,Nanjing Normal University,26.0–33.4,China,26894,70,30,18826,8068
717,Nanjing Tech University,26.0–33.4,China,31846,0,0,0,0
718,University of Nantes,26.0–33.4,France,36520,56,44,20451,16069
719,National Autonomous University of Mexico,26.0–33.4,Mexico,162018,51,49,82629,79389
720,National Institute of Applied Sciences of Lyon (INSA Lyon),26.0–33.4,France,6125,32,68,1960,4165
721,National Institute of Technology Rourkela,26.0–33.4,India,6010,19,81,1142,4868
722,National University of Science and Technology (MISiS),26.0–33.4,Russian Federation,7334,38,62,2787,4547
723,National Sun Yat-Sen University,26.0–33.4,Taiwan,9522,39,61,3714,5808
724,National Taiwan Normal University,26.0–33.4,Taiwan,10621,56,44,5948,4673
725,"University of Nevada, Las Vegas",26.0–33.4,United States,25120,56,44,14067,11053
726,New Mexico State University,26.0–33.4,United States,13329,53,47,7064,6265
727,Nippon Medical School,26.0–33.4,Japan,837,33,67,276,561
728,University of North Carolina at Greensboro,26.0–33.4,United States,18593,66,34,12271,6322
729,Northeast Normal University,26.0–33.4,China,25325,72,28,18234,7091
730,Northwestern Polytechnical University,26.0–33.4,China,27423,26,74,7130,20293
731,Nottingham Trent University,26.0–33.4,United Kingdom,23462,57,43,13373,10089
732,Old Dominion University,26.0–33.4,United States,19064,54,46,10295,8769
733,Open University of Catalonia,26.0–33.4,Spain,20133,55,45,11073,9060
734,Otto von Guericke University of Magdeburg,26.0–33.4,Germany,14427,43,57,6204,8223
735,University of Oviedo,26.0–33.4,Spain,18689,52,48,9718,8971
736,Palacký University Olomouc,26.0–33.4,Czech Republic,17968,69,31,12398,5570
737,Panjab University,26.0–33.4,India,18360,47,53,8629,9731
738,University of Pécs,26.0–33.4,Hungary,17456,58,42,10124,7332
739,Peter the Great St Petersburg Polytechnic University,26.0–33.4,Russian Federation,18420,40,60,7368,11052
740,Polytechnic Institute of Porto,26.0–33.4,Portugal,18215,46,54,8379,9836
741,Polytechnic University of Valencia,26.0–33.4,Spain,21945,38,62,8339,13606
742,Pontifical Catholic University of Chile,26.0–33.4,Chile,27485,0,0,0,0
743,Pontifical Catholic University of Rio de Janeiro (PUC-Rio),26.0–33.4,Brazil,15415,52,48,8016,7399
744,Portland State University,26.0–33.4,United States,20666,54,46,11160,9506
745,University of Pretoria,26.0–33.4,South Africa,35687,56,44,19985,15702
746,Pusan National University,26.0–33.4,South Korea,24409,47,53,11472,12937
747,Université du Québec,26.0–33.4,Canada,54198,57,43,30893,23305
748,University of Regina,26.0–33.4,Canada,12585,60,40,7551,5034
749,University of Rennes 1,26.0–33.4,France,27685,53,47,14673,13012
750,Rikkyo University,26.0–33.4,Japan,20542,52,48,10682,9860
751,Rochester Institute of Technology,26.0–33.4,United States,14200,34,66,4828,9372
752,Roskilde University,26.0–33.4,Denmark,6109,63,37,3849,2260
753,RUDN University,26.0–33.4,Russian Federation,19350,58,42,11223,8127
754,Universiti Sains Malaysia,26.0–33.4,Malaysia,21394,65,35,13906,7488
755,University of Salamanca,26.0–33.4,Spain,29243,58,42,16961,12282
756,University of Salford,26.0–33.4,United Kingdom,15947,51,49,8133,7814
757,University of San Diego,26.0–33.4,United States,7671,56,44,4296,3375
758,University of Santiago de Compostela,26.0–33.4,Spain,26118,62,38,16193,9925
759,University of Sassari,26.0–33.4,Italy,12227,61,39,7458,4769
760,University of Seville,26.0–33.4,Spain,55395,54,46,29913,25482
761,Sharif University of Technology,26.0–33.4,Iran,9435,26,74,2453,6982
762,Shenzhen University,26.0–33.4,China,34095,47,53,16025,18070
763,Université de Sherbrooke,26.0–33.4,Canada,15148,55,45,8331,6817
764,Shiraz University of Technology,26.0–33.4,Iran,1512,36,64,544,968
765,Sichuan University,26.0–33.4,China,59998,50,50,29999,29999
766,Sogang University,26.0–33.4,South Korea,9636,43,57,4143,5493
767,University of South Alabama,26.0–33.4,United States,14391,61,39,8779,5612
768,University of South Dakota,26.0–33.4,United States,15570,61,39,9498,6072
769,University of Southern Queensland,26.0–33.4,Australia,11815,58,42,6853,4962
770,University of Split,26.0–33.4,Croatia,20093,0,0,0,0
771,Suez Canal University,26.0–33.4,Egypt,39113,62,38,24250,14863
772,University of the Sunshine Coast,26.0–33.4,Australia,8915,64,36,5706,3209
773,University of Szeged,26.0–33.4,Hungary,20388,57,43,11621,8767
774,University of Tabriz,26.0–33.4,Iran,23480,50,50,11740,11740
775,Tallinn University of Technology,26.0–33.4,Estonia,10431,43,57,4485,5946
776,Technical University of Madrid,26.0–33.4,Spain,39269,32,68,12566,26703
777,University of Technology of Compiègne,26.0–33.4,France,4254,37,63,1574,2680
778,University of Tehran,26.0–33.4,Iran,55645,43,57,23927,31718
779,Tehran University of Medical Sciences,26.0–33.4,Iran,12230,58,42,7093,5137
780,Universiti Teknologi Malaysia,26.0–33.4,Malaysia,17726,52,48,9218,8508
781,Universiti Teknologi Petronas,26.0–33.4,Malaysia,6448,33,67,2128,4320
782,University of Texas at Arlington,26.0–33.4,United States,27061,55,45,14884,12177
783,University of Texas at El Paso,26.0–33.4,United States,16744,53,47,8874,7870
784,Texas Tech University,26.0–33.4,United States,32486,46,54,14944,17542
785,Tezpur University,26.0–33.4,India,3454,38,62,1313,2141
786,University of Trás-os-Montes and Alto Douro,26.0–33.4,Portugal,6770,57,43,3859,2911
787,Ulster University,26.0–33.4,United Kingdom,17919,56,44,10035,7884
788,University of Vigo,26.0–33.4,Spain,19699,50,50,9850,9850
789,University of Warsaw,26.0–33.4,Poland,49752,65,35,32339,17413
790,Waseda University,26.0–33.4,Japan,49761,37,63,18412,31349
791,University of the West of England,26.0–33.4,United Kingdom,20893,53,47,11073,9820
792,University of the Western Cape,26.0–33.4,South Africa,21246,60,40,12748,8498
793,Western Washington University,26.0–33.4,United States,13726,57,43,7824,5902
794,University of Westminster,26.0–33.4,United Kingdom,16966,59,41,10010,6956
795,West Virginia University,26.0–33.4,United States,23689,47,53,11134,12555
796,University of Windsor,26.0–33.4,Canada,13427,0,0,0,0
797,University of Wolverhampton,26.0–33.4,United Kingdom,15468,59,41,9126,6342
798,Yeungnam University,26.0–33.4,South Korea,20389,50,50,10194,10194
799,Yokohama City University,26.0–33.4,Japan,4910,56,44,2750,2160
800,University of Zaragoza,26.0–33.4,Spain,28008,54,46,15124,12884
801,Acharya Nagarjuna University,19.0–25.9,India,4730,35,65,1656,3074
802,University of A Coruña,19.0–25.9,Spain,15159,52,48,7883,7276
803,"Adam Mickiewicz University, Poznań",19.0–25.9,Poland,37630,70,30,26341,11289
804,AGH University of Science and Technology,19.0–25.9,Poland,31252,0,0,0,0
805,"University of Agriculture, Faisalabad",19.0–25.9,Pakistan,22178,42,58,9315,12863
806,Aichi Medical University,19.0–25.9,Japan,1272,60,40,763,509
807,Ajou University,19.0–25.9,South Korea,11349,36,64,4086,7263
808,Alexandria University,19.0–25.9,Egypt,175270,54,46,94646,80624
809,Al-Farabi Kazakh National University,19.0–25.9,Kazakhstan,16931,56,44,9481,7450
810,University of Alicante,19.0–25.9,Spain,27639,58,42,16031,11608
811,Aligarh Muslim University,19.0–25.9,India,17884,32,68,5723,12161
812,University of Almería,19.0–25.9,Spain,12883,56,44,7214,5669
813,American University of Sharjah,19.0–25.9,United Arab Emirates,5769,49,51,2827,2942
814,Anadolu University,19.0–25.9,Turkey,1413003,44,56,621721,791282
815,"Asia University, Taiwan",19.0–25.9,Taiwan,12320,58,42,7146,5174
816,Atılım University,19.0–25.9,Turkey,7624,40,60,3050,4574
817,Austral University of Chile,19.0–25.9,Chile,14873,49,51,7288,7585
818,Autonomous University of Querétaro,19.0–25.9,Mexico,21812,56,44,12215,9597
819,Azarbaijan Shahid Madani University,19.0–25.9,Iran,6322,65,35,4109,2213
820,Babeş-Bolyai University,19.0–25.9,Romania,36888,64,36,23608,13280
821,University of Baghdad,19.0–25.9,Iraq,66948,58,42,38830,28118
822,Bandung Institute of Technology (ITB),19.0–25.9,Indonesia,18643,41,59,7644,10999
823,Bauman Moscow State Technical University,19.0–25.9,Russian Federation,20510,25,75,5128,15382
824,University of Bedfordshire,19.0–25.9,United Kingdom,10683,62,38,6623,4060
825,Beijing Jiaotong University,19.0–25.9,China,25110,0,0,0,0
826,University of Béjaïa,19.0–25.9,Algeria,42689,61,39,26040,16649
827,Belgorod State National Research University,19.0–25.9,Russian Federation,13883,67,33,9302,4581
828,University of Belgrade,19.0–25.9,Serbia,99760,61,39,60854,38906
829,"Birla Institute of Technology and Science, Pilani",19.0–25.9,India,12612,19,81,2396,10216
830,University of Brasília,19.0–25.9,Brazil,52039,51,49,26540,25499
831,Brno University of Technology,19.0–25.9,Czech Republic,21522,28,72,6026,15496
832,University of Bucharest,19.0–25.9,Romania,31388,70,30,21972,9416
833,Budapest University of Technology and Economics,19.0–25.9,Hungary,19499,30,70,5850,13649
834,University of Burgos,19.0–25.9,Spain,7394,56,44,4141,3253
835,Cairo University,19.0–25.9,Egypt,233999,47,53,109980,124019
836,"California Polytechnic State University, San Luis Obispo",19.0–25.9,United States,19461,48,52,9341,10120
837,Capital Medical University,19.0–25.9,China,12826,68,32,8722,4104
838,University of Castilla-La Mancha,19.0–25.9,Spain,23309,56,44,13053,10256
839,University of Central Lancashire,19.0–25.9,United Kingdom,18389,57,43,10482,7907
840,University of Cergy-Pontoise,19.0–25.9,France,17161,56,44,9610,7551
841,"University of Chemistry and Technology, Prague",19.0–25.9,Czech Republic,4312,62,38,2673,1639
842,Chiang Mai University,19.0–25.9,Thailand,36635,61,39,22347,14288
843,"China University of Geosciences, Wuhan",19.0–25.9,China,28652,0,0,0,0
844,China University of Mining and Technology,19.0–25.9,China,45518,30,70,13655,31863
845,"China University of Petroleum, Beijing",19.0–25.9,China,15127,0,0,0,0
846,China Pharmaceutical University,19.0–25.9,China,15646,0,0,0,0
847,Chonbuk National University,19.0–25.9,South Korea,21221,45,55,9549,11672
848,Chongqing University,19.0–25.9,China,47031,0,0,0,0
849,Chonnam National University,19.0–25.9,South Korea,23261,49,51,11398,11863
850,Chulalongkorn University,19.0–25.9,Thailand,36781,59,41,21701,15080
851,Chung Yuan Christian University,19.0–25.9,Taiwan,16034,43,57,6895,9139
852,Comenius University in Bratislava,19.0–25.9,Slovakia,21376,67,33,14322,7054
853,Czech University of Life Sciences Prague (CULS),19.0–25.9,Czech Republic,17094,54,46,9231,7863
854,Czech Technical University in Prague,19.0–25.9,Czech Republic,20387,31,69,6320,14067
855,University of Debrecen,19.0–25.9,Hungary,26752,56,44,14981,11771
856,De La Salle University,19.0–25.9,Philippines,17679,52,48,9193,8486
857,University of Derby,19.0–25.9,United Kingdom,12500,56,44,7000,5500
858,Dublin Institute of Technology,19.0–25.9,Ireland,15288,42,58,6421,8867
859,East Carolina University,19.0–25.9,United States,25297,59,41,14925,10372
860,University of East London,19.0–25.9,United Kingdom,10639,63,37,6703,3936
861,Edge Hill University,19.0–25.9,United Kingdom,12025,68,32,8177,3848
862,Erciyes University,19.0–25.9,Turkey,38308,47,53,18005,20303
863,University of Évora,19.0–25.9,Portugal,7254,55,45,3990,3264
864,Fayoum University,19.0–25.9,Egypt,30087,39,61,11734,18353
865,Federal University of ABC (UFABC),19.0–25.9,Brazil,14320,26,74,3723,10597
866,Federal University of Bahia,19.0–25.9,Brazil,32614,52,48,16959,15655
867,Federal University of Pelotas,19.0–25.9,Brazil,18700,56,44,10472,8228
868,Federal University of Santa Catarina,19.0–25.9,Brazil,37964,49,51,18602,19362
869,Federal University of São Carlos,19.0–25.9,Brazil,18258,49,51,8946,9312
870,Ferdowsi University of Mashhad,19.0–25.9,Iran,23334,57,43,13300,10034
871,Ferhat Abbas Sétif University 1,19.0–25.9,Algeria,32283,62,38,20015,12268
872,Florida Atlantic University,19.0–25.9,United States,23449,60,40,14069,9380
873,Florida Institute of Technology,19.0–25.9,United States,5483,34,66,1864,3619
874,University of La Frontera,19.0–25.9,Chile,10310,44,56,4536,5774
875,Fu Jen Catholic University,19.0–25.9,Taiwan,23161,58,42,13433,9728
876,Gebze Technical University,19.0–25.9,Turkey,6620,34,66,2251,4369
877,University of Ghana,19.0–25.9,Ghana,37010,44,56,16284,20726
878,University of Guilan,19.0–25.9,Iran,16525,56,44,9254,7271
879,Hamamatsu University School of Medicine,19.0–25.9,Japan,1205,49,51,590,615
880,Hyogo College of Medicine,19.0–25.9,Japan,878,36,64,316,562
881,Indian Institute of  Technology (Indian School of Mines) Dhanbad,19.0–25.9,India,7370,14,86,1032,6338
882,Indian Institute of Science Education and Research Kolkata,19.0–25.9,India,1199,27,73,324,875
883,Industrial University of Santander (UIS),19.0–25.9,Colombia,20014,46,54,9206,10808
884,Inha University,19.0–25.9,South Korea,19384,39,61,7560,11824
885,Iran University of Medical Sciences,19.0–25.9,Iran,8600,50,50,4300,4300
886,University of Isfahan,19.0–25.9,Iran,12900,59,41,7611,5289
887,Istanbul University,19.0–25.9,Turkey,93109,48,52,44692,48417
888,Iuliu Haţieganu University of Medicine and Pharmacy Cluj-Napoca,19.0–25.9,Romania,7121,64,36,4557,2564
889,University of Jaén,19.0–25.9,Spain,15728,55,45,8650,7078
890,Jamia Millia Islamia,19.0–25.9,India,11902,42,58,4999,6903
891,Jiangsu University,19.0–25.9,China,34251,42,58,14385,19866
892,The Jikei University School of Medicine,19.0–25.9,Japan,1041,46,54,479,562
893,Jilin University,19.0–25.9,China,69305,48,52,33266,36039
894,Jinan University,19.0–25.9,China,35904,59,41,21183,14721
895,University of Jordan,19.0–25.9,Jordan,31305,66,34,20661,10644
896,Kagawa University,19.0–25.9,Japan,6426,40,60,2570,3856
897,Kanazawa University,19.0–25.9,Japan,10430,36,64,3755,6675
898,Kansai Medical University,19.0–25.9,Japan,845,37,63,313,532
899,Kaohsiung Medical University,19.0–25.9,Taiwan,6896,56,44,3862,3034
900,University Rey Juan Carlos,19.0–25.9,Spain,36643,58,42,21253,15390
901,King Mongkut’s University of Technology Thonburi,19.0–25.9,Thailand,16410,47,53,7713,8697
902,K.N. Toosi University of Technology,19.0–25.9,Iran,6646,33,67,2193,4453
903,Kochi University,19.0–25.9,Japan,5563,45,55,2503,3060
904,Kumamoto University,19.0–25.9,Japan,10237,37,63,3788,6449
905,Kuwait University,19.0–25.9,Kuwait,37207,73,27,27161,10046
906,Kyungpook National University,19.0–25.9,South Korea,24981,44,56,10992,13989
907,Kyushu Institute of Technology (Kyutech),19.0–25.9,Japan,5723,13,87,744,4979
908,University of Latvia,19.0–25.9,Latvia,15197,63,37,9574,5623
909,Leeds Beckett University,19.0–25.9,United Kingdom,20099,50,50,10050,10050
910,University of Maribor,19.0–25.9,Slovenia,12571,54,46,6788,5783
911,University of Marrakech Cadi Ayyad,19.0–25.9,Morocco,85610,48,52,41093,44517
912,University of Mazandaran,19.0–25.9,Iran,13164,64,36,8425,4739
913,Metropolitan Autonomous University,19.0–25.9,Mexico,57742,48,52,27716,30026
914,Mohammed V University of Rabat,19.0–25.9,Morocco,75254,56,44,42142,33112
915,University of Murcia,19.0–25.9,Spain,30233,61,39,18442,11791
916,Nagasaki University,19.0–25.9,Japan,9144,37,63,3383,5761
917,Nagoya City University,19.0–25.9,Japan,4385,52,48,2280,2105
918,National Central University,19.0–25.9,Taiwan,11277,34,66,3834,7443
919,National Chengchi University,19.0–25.9,Taiwan,14670,57,43,8362,6308
920,National Chung Hsing University,19.0–25.9,Taiwan,15163,39,61,5914,9249
921,National University of Cuyo,19.0–25.9,Argentina,45269,58,42,26256,19013
922,National Dong Hwa University,19.0–25.9,Taiwan,10154,50,50,5077,5077
923,National University of San Martín,19.0–25.9,Argentina,14981,66,34,9887,5094
924,National University of Sciences and Technology,19.0–25.9,Pakistan,10446,35,65,3656,6790
925,National Taipei University,19.0–25.9,Taiwan,8580,54,46,4633,3947
926,National Taipei University of Technology,19.0–25.9,Taiwan,10092,26,74,2624,7468
927,National Taiwan Ocean University,19.0–25.9,Taiwan,8707,31,69,2699,6008
928,"National Institute of Technology, Tiruchirappalli",19.0–25.9,India,5981,23,77,1376,4605
929,Niigata University,19.0–25.9,Japan,12430,38,62,4723,7707
930,Normandy University,19.0–25.9,France,66189,0,0,0,0
931,Northeastern University,19.0–25.9,China,33718,0,0,0,0
932,University of Northern British Columbia (UNBC),19.0–25.9,Canada,2684,60,40,1610,1074
933,Northwest University,19.0–25.9,China,23155,56,44,12967,10188
934,NorthWest A&F University,19.0–25.9,China,29666,48,52,14240,15426
935,Novosibirsk State Technical University,19.0–25.9,Russian Federation,12643,43,57,5436,7207
936,Oakland University,19.0–25.9,United States,15927,58,42,9238,6689
937,Ocean University of China,19.0–25.9,China,32161,52,48,16724,15437
938,Okayama University,19.0–25.9,Japan,13189,39,61,5144,8045
939,Osaka City University,19.0–25.9,Japan,8325,36,64,2997,5328
940,Osmania University,19.0–25.9,India,12017,29,71,3485,8532
941,University of Ostrava,19.0–25.9,Czech Republic,9382,70,30,6567,2815
942,Pablo de Olavide University,19.0–25.9,Spain,12025,60,40,7215,4810
943,Paris Nanterre University,19.0–25.9,France,32735,62,38,20296,12439
944,University of Patras,19.0–25.9,Greece,26098,49,51,12788,13310
945,Pondicherry University,19.0–25.9,India,6185,38,62,2350,3835
946,Pontifical Catholic University of Peru,19.0–25.9,Peru,22322,47,53,10491,11831
947,Pontifical Catholic University of Rio Grande do Sul (PUCRS),19.0–25.9,Brazil,19398,50,50,9699,9699
948,Universiti Putra Malaysia,19.0–25.9,Malaysia,23853,64,36,15266,8587
949,Riga Technical University,19.0–25.9,Latvia,10564,34,66,3592,6972
950,Robert Gordon University,19.0–25.9,United Kingdom,9406,61,39,5738,3668
951,University of Roehampton,19.0–25.9,United Kingdom,7692,72,28,5538,2154
952,Saitama University,19.0–25.9,Japan,8602,33,67,2839,5763
953,Samara University,19.0–25.9,Russian Federation,9934,51,49,5066,4868
954,São Paulo State University (UNESP),19.0–25.9,Brazil,30718,49,51,15052,15666
955,Sapporo Medical University,19.0–25.9,Japan,1332,41,59,546,786
956,University of Science and Technology Beijing,19.0–25.9,China,24090,36,64,8672,15418
957,University of Seoul,19.0–25.9,South Korea,8857,0,0,0,0
958,University of Sfax,19.0–25.9,Tunisia,33185,67,33,22234,10951
959,Shahid Beheshti University,19.0–25.9,Iran,18263,52,48,9497,8766
960,Shahid Beheshti University of Medical Sciences,19.0–25.9,Iran,12604,62,38,7814,4790
961,Shanghai University,19.0–25.9,China,36382,47,53,17100,19282
962,Shantou University,19.0–25.9,China,9981,51,49,5090,4891
963,University of Sharjah,19.0–25.9,United Arab Emirates,13957,65,35,9072,4885
964,Sheffield Hallam University,19.0–25.9,United Kingdom,24924,55,45,13708,11216
965,Shinshu University,19.0–25.9,Japan,10700,32,68,3424,7276
966,Shiraz University,19.0–25.9,Iran,13861,49,51,6792,7069
967,Sidi Mohamed Ben Abdellah University,19.0–25.9,Morocco,94163,40,60,37665,56498
968,Sohag University,19.0–25.9,Egypt,48895,58,42,28359,20536
969,Southern Medical University,19.0–25.9,China,18658,59,41,11008,7650
970,University of South Wales,19.0–25.9,United Kingdom,16500,52,48,8580,7920
971,Sri Venkateswara University,19.0–25.9,India,7747,40,60,3099,4648
972,Staffordshire University,19.0–25.9,United Kingdom,9456,50,50,4728,4728
973,Sultan Qaboos University,19.0–25.9,Oman,7624,50,50,3812,3812
974,Suranaree University of Technology,19.0–25.9,Thailand,15068,54,46,8137,6931
975,University of Talca,19.0–25.9,Chile,10628,52,48,5527,5101
976,Tanta University,19.0–25.9,Egypt,138971,56,44,77824,61147
977,Teesside University,19.0–25.9,United Kingdom,11580,56,44,6485,5095
978,Universiti Tenaga Nasional (UNITEN),19.0–25.9,Malaysia,7893,40,60,3157,4736
979,Texas State University,19.0–25.9,United States,31120,58,42,18050,13070
980,Thapar University,19.0–25.9,India,7503,28,72,2101,5402
981,Toho University,19.0–25.9,Japan,5096,50,50,2548,2548
982,Tokushima University,19.0–25.9,Japan,7566,35,65,2648,4918
983,Tokyo University of Agriculture and Technology,19.0–25.9,Japan,5795,30,70,1738,4056
984,Tokyo Medical University,19.0–25.9,Japan,1333,50,50,666,666
985,Tokyo University of Science,19.0–25.9,Japan,19162,21,79,4024,15138
986,Toyohashi University of Technology (TUT),19.0–25.9,Japan,2350,9,91,212,2138
987,Tribhuvan University,19.0–25.9,Nepal,359377,44,56,158126,201251
988,Tshwane University of Technology,19.0–25.9,South Africa,42846,52,48,22280,20566
989,Universiti Utara Malaysia,19.0–25.9,Malaysia,13171,65,35,8561,4610
990,Vilnius University,19.0–25.9,Lithuania,16773,65,35,10902,5871
991,VIT University,19.0–25.9,India,30941,27,73,8354,22587
992,Warsaw University of Technology,19.0–25.9,Poland,31672,34,66,10768,20904
993,Wuhan University of Technology,19.0–25.9,China,50924,30,70,15277,35647
994,Xiangtan University,19.0–25.9,China,30928,53,47,16392,14536
995,Xidian University,19.0–25.9,China,33258,29,71,9645,23613
996,Yamagata University,19.0–25.9,Japan,8955,35,65,3134,5821
997,University of Yamanashi,19.0–25.9,Japan,4725,31,69,1465,3260
998,Yangzhou University,19.0–25.9,China,36362,55,45,19999,16363
999,Yokohama National University,19.0–25.9,Japan,9972,29,71,2892,7080
1000,University of Zagreb,19.0–25.9,Croatia,66967,50,50,33484,33484
1001,Ain Shams University,9.8–18.9,Egypt,171700,52,48,89284,82416
1002,Akdeniz University,9.8–18.9,Turkey,50491,55,45,27770,22721
1003,Akita University,9.8–18.9,Japan,5074,35,65,1776,3298
1004,Al-Azhar University,9.8–18.9,Egypt,318158,44,56,139990,178168
1005,Alexandru Ioan Cuza University,9.8–18.9,Romania,23255,65,35,15116,8139
1006,Alzahra University,9.8–18.9,Iran,10590,100,0,10590,0
1007,Amity University,9.8–18.9,India,27278,43,57,11730,15548
1008,"University of the Andes, Venezuela",9.8–18.9,Venezuela,47565,62,38,29490,18075
1009,Andhra University,9.8–18.9,India,9752,51,49,4974,4778
1010,Andrés Bello University (UNAB),9.8–18.9,Chile,44436,52,48,23107,21329
1011,Ankara University,9.8–18.9,Turkey,69324,52,48,36048,33276
1012,Annamalai University,9.8–18.9,India,27369,42,58,11495,15874
1013,University of Antioquia,9.8–18.9,Colombia,40505,51,49,20658,19847
1014,Aoyama Gakuin University,9.8–18.9,Japan,19520,47,53,9174,10346
1015,Assiut University,9.8–18.9,Egypt,79183,45,55,35632,43551
1016,Autonomous University of Baja California,9.8–18.9,Mexico,59812,53,47,31700,28112
1017,Autonomous University of Hidalgo State (UAEH),9.8–18.9,Mexico,33839,56,44,18950,14889
1018,Autonomous University of Nuevo León,9.8–18.9,Mexico,102466,0,0,0,0
1019,Autonomous University of Puebla,9.8–18.9,Mexico,78390,53,47,41547,36843
1020,Autonomous University of San Luis Potosi,9.8–18.9,Mexico,31102,50,50,15551,15551
1021,Autonomous University of the State of Mexico,9.8–18.9,Mexico,57087,59,41,33681,23406
1022,Autonomous University of Yucatán,9.8–18.9,Mexico,16570,49,51,8119,8451
1023,Badji Mokhtar University – Annaba,9.8–18.9,Algeria,40514,52,48,21067,19447
1024,Bahauddin Zakariya University,9.8–18.9,Pakistan,24532,44,56,10794,13738
1025,Bahçeşehir University,9.8–18.9,Turkey,14159,48,52,6796,7363
1026,Belarusian State University,9.8–18.9,Belarus,29230,65,35,19000,10230
1027,University of Bío-Bío,9.8–18.9,Chile,12893,42,58,5415,7478
1028,University of Birjand,9.8–18.9,Iran,11347,56,44,6354,4993
1029,Birmingham City University,9.8–18.9,United Kingdom,19618,62,38,12163,7455
1030,Bogor Agricultural University,9.8–18.9,Indonesia,23044,58,42,13366,9678
1031,Bucharest University of Economic Studies,9.8–18.9,Romania,21447,47,53,10080,11367
1032,Canterbury Christ Church University,9.8–18.9,United Kingdom,11728,67,33,7858,3870
1033,Catholic University of the North,9.8–18.9,Chile,11669,45,55,5251,6418
1034,Ceará State University,9.8–18.9,Brazil,17934,56,44,10043,7891
1035,Chaoyang University of Technology,9.8–18.9,Taiwan,17017,56,44,9530,7487
1036,University of Chester,9.8–18.9,United Kingdom,10303,66,34,6800,3503
1037,Chiba Institute of Technology,9.8–18.9,Japan,9774,12,88,1173,8601
1038,Chubu University,9.8–18.9,Japan,12661,26,74,3292,9369
1039,Chungnam National University,9.8–18.9,South Korea,22773,44,56,10020,12753
1040,Chuo University,9.8–18.9,Japan,26698,35,65,9344,17354
1041,Cochin University of Science and Technology,9.8–18.9,India,8147,36,64,2933,5214
1042,University of Colombo,9.8–18.9,Sri Lanka,29464,56,44,16500,12964
1043,University of Concepción,9.8–18.9,Chile,27077,51,49,13809,13268
1044,University of Constantine 1,9.8–18.9,Algeria,33735,55,45,18554,15181
1045,Corvinus University of Budapest,9.8–18.9,Hungary,10404,54,46,5618,4786
1046,Cukurova University,9.8–18.9,Turkey,41446,45,55,18651,22795
1047,University of Dar es Salaam,9.8–18.9,Tanzania,25282,33,67,8343,16939
1048,Del Rosario University,9.8–18.9,Colombia,9568,0,0,0,0
1049,Democritus University of Thrace,9.8–18.9,Greece,29386,54,46,15868,13518
1050,Dokuz Eylül University,9.8–18.9,Turkey,63639,47,53,29910,33729
1051,Doshisha University,9.8–18.9,Japan,28311,40,60,11324,16987
1052,"University of Economics, Prague",9.8–18.9,Czech Republic,14945,54,46,8070,6875
1053,Ehime University,9.8–18.9,Japan,9419,37,63,3485,5934
1054,The University of Electro-Communications,9.8–18.9,Japan,4806,11,89,529,4277
1055,University of Engineering & Technology (UET) Lahore,9.8–18.9,Pakistan,12467,23,77,2867,9600
1056,Far Eastern Federal University,9.8–18.9,Russian Federation,15480,0,0,0,0
1057,Federal University of Ceará (UFC),9.8–18.9,Brazil,31719,47,53,14908,16811
1058,Federal University of Goiás,9.8–18.9,Brazil,29558,44,56,13006,16552
1059,Federal University of Itajubá,9.8–18.9,Brazil,8997,29,71,2609,6388
1060,Federal University of Lavras,9.8–18.9,Brazil,15389,52,48,8002,7387
1061,Federal University of Pará,9.8–18.9,Brazil,49435,56,44,27684,21751
1062,Federal University of Paraná (UFPR),9.8–18.9,Brazil,32952,51,49,16806,16146
1063,Federal University of Pernambuco,9.8–18.9,Brazil,38264,50,50,19132,19132
1064,Federal University of Rio Grande do Norte (UFRN),9.8–18.9,Brazil,39365,56,44,22044,17321
1065,Federal University of Santa Maria,9.8–18.9,Brazil,26334,56,44,14747,11587
1066,Federal University of Technology – Paraná,9.8–18.9,Brazil,33025,36,64,11889,21136
1067,Federal University of Uberlândia,9.8–18.9,Brazil,20461,0,0,0,0
1068,Federal University of Viçosa,9.8–18.9,Brazil,17340,51,49,8843,8497
1069,Feng Chia University,9.8–18.9,Taiwan,19811,37,63,7330,12481
1070,Fluminense Federal University,9.8–18.9,Brazil,68410,49,51,33521,34889
1071,University of Fukui,9.8–18.9,Japan,4999,29,71,1450,3549
1072,Universitas Gadjah Mada,9.8–18.9,Indonesia,41201,54,46,22249,18952
1073,Gazi University,9.8–18.9,Turkey,79733,49,51,39069,40664
1074,"G.B. Pant University of Agriculture & Technology, Pantnagar",9.8–18.9,India,4389,43,57,1887,2502
1075,University of Gdańsk,9.8–18.9,Poland,29683,61,39,18107,11576
1076,Gdańsk University of Technology,9.8–18.9,Poland,23017,40,60,9207,13810
1077,Gifu University,9.8–18.9,Japan,7161,35,65,2506,4655
1078,GITAM University,9.8–18.9,India,16223,32,68,5191,11032
1079,Government College University Lahore,9.8–18.9,Pakistan,8841,43,57,3802,5039
1080,Grigore T. Popa University of Medicine and Pharmacy,9.8–18.9,Romania,9602,66,34,6337,3265
1081,University of Guadalajara,9.8–18.9,Mexico,120298,52,48,62555,57743
1082,University of Guanajuato,9.8–18.9,Mexico,24798,52,48,12895,11903
1083,Guangxi University,9.8–18.9,China,34199,46,54,15732,18467
1084,Gunma University,9.8–18.9,Japan,6362,37,63,2354,4008
1085,Hallym University,9.8–18.9,South Korea,8372,0,0,0,0
1086,Harbin Engineering University,9.8–18.9,China,24124,26,74,6272,17852
1087,Hashemite University,9.8–18.9,Jordan,16879,58,42,9790,7089
1088,Helwan University,9.8–18.9,Egypt,154964,58,42,89879,65085
1089,Hosei University,9.8–18.9,Japan,30364,36,64,10931,19433
1090,Huaqiao University,9.8–18.9,China,29637,49,51,14522,15115
1091,University of Hyogo,9.8–18.9,Japan,6607,39,61,2577,4030
1092,Ibaraki University,9.8–18.9,Japan,8153,35,65,2854,5299
1093,Imam Abdulrahman Bin Faisal University,9.8–18.9,Saudi Arabia,28627,78,22,22329,6298
1094,Incheon National University,9.8–18.9,South Korea,13807,44,56,6075,7732
1095,I-Shou University,9.8–18.9,Taiwan,16425,47,53,7720,8705
1096,Ivane Javakhishvili Tbilisi State University,9.8–18.9,Georgia,20225,62,38,12540,7686
1097,Ivan Franko National University of Lviv,9.8–18.9,Ukraine,18210,75,25,13658,4552
1098,Iwate University,9.8–18.9,Japan,5626,37,63,2082,3544
1099,Izmir Institute of Technology,9.8–18.9,Turkey,5035,46,54,2316,2719
1100,Kagoshima University,9.8–18.9,Japan,10498,38,62,3989,6509
1101,Kanagawa University,9.8–18.9,Japan,18541,28,72,5191,13350
1102,Kansai University,9.8–18.9,Japan,30401,39,61,11856,18545
1103,Kasetsart University,9.8–18.9,Thailand,68213,62,38,42292,25921
1104,Kaunas University of Technology,9.8–18.9,Lithuania,10146,38,62,3855,6291
1105,Kazan National Research Technological University,9.8–18.9,Russian Federation,15631,47,53,7347,8284
1106,University of Kerala,9.8–18.9,India,8210,56,44,4598,3612
1107,Kharazmi University,9.8–18.9,Iran,13129,57,43,7484,5645
1108,Khon Kaen University,9.8–18.9,Thailand,36280,56,44,20317,15963
1109,King Mongkut’s Institute of Technology Ladkrabang,9.8–18.9,Thailand,22938,53,47,12157,10781
1110,King Mongkut's University of Technology North Bangkok,9.8–18.9,Thailand,25542,40,60,10217,15325
1111,Kitasato University,9.8–18.9,Japan,8539,53,47,4526,4013
1112,KIIT University,9.8–18.9,India,19633,37,63,7264,12369
1113,Kogakuin University,9.8–18.9,Japan,6531,15,85,980,5551
1114,Kookmin University,9.8–18.9,South Korea,17299,45,55,7785,9514
1115,Kwansei Gakuin University,9.8–18.9,Japan,23965,48,52,11503,12462
1116,Kyoto Institute of Technology,9.8–18.9,Japan,4060,27,73,1096,2964
1117,University of Lahore,9.8–18.9,Pakistan,24674,35,65,8636,16038
1118,University of León,9.8–18.9,Spain,12303,56,44,6890,5413
1119,L.N. Gumilyov Eurasian National University,9.8–18.9,Kazakhstan,16155,0,0,0,0
1120,Lobachevsky State University of Nizhni Novgorod,9.8–18.9,Russian Federation,18205,53,47,9649,8556
1121,University of Łódź,9.8–18.9,Poland,33758,65,35,21943,11815
1122,Łodz University of Technology,9.8–18.9,Poland,17115,41,59,7017,10098
1123,London South Bank University,9.8–18.9,United Kingdom,11965,56,44,6700,5265
1124,Londrina State University,9.8–18.9,Brazil,23392,57,43,13333,10059
1125,Lviv Polytechnic National University,9.8–18.9,Ukraine,22520,39,61,8783,13737
1126,Maharaja Sayajirao University of Baroda,9.8–18.9,India,34111,58,42,19784,14327
1127,Mahasarakham University,9.8–18.9,Thailand,43552,63,37,27438,16114
1128,Manipal Academy of Higher Education,9.8–18.9,India,25145,43,57,10812,14333
1129,Marmara University,9.8–18.9,Turkey,72603,52,48,37754,34849
1130,Meiji University,9.8–18.9,Japan,32270,32,68,10326,21944
1131,Meijo University,9.8–18.9,Japan,15422,27,73,4164,11258
1132,Menoufia University,9.8–18.9,Egypt,82327,44,56,36224,46103
1133,Michoacán University of San Nicolás of Hidalgo,9.8–18.9,Mexico,39392,51,49,20090,19302
1134,Ming Chuan University,9.8–18.9,Taiwan,18800,60,40,11280,7520
1135,Minia University,9.8–18.9,Egypt,58870,61,39,35911,22959
1136,University of Miyazaki,9.8–18.9,Japan,5507,35,65,1927,3580
1137,University of Monastir,9.8–18.9,Tunisia,21267,68,32,14462,6805
1138,Moscow Aviation Institute,9.8–18.9,Russian Federation,15263,28,72,4274,10989
1139,Moscow Power Engineering Institute,9.8–18.9,Russian Federation,11252,38,62,4276,6976
1140,MIREA - Russian Technological University,9.8–18.9,Russian Federation,16441,31,69,5097,11344
1141,Muroran Institute of Technology,9.8–18.9,Japan,3320,9,91,299,3021
1142,University of Mysore,9.8–18.9,India,7944,43,57,3416,4528
1143,Nagaoka University of Technology,9.8–18.9,Japan,2388,11,89,263,2125
1144,Nagoya Institute of Technology,9.8–18.9,Japan,5637,14,86,789,4848
1145,University of Nairobi,9.8–18.9,Kenya,72466,36,64,26088,46378
1146,Nara Medical University,9.8–18.9,Japan,1202,48,52,577,625
1147,Naresuan University,9.8–18.9,Thailand,23232,66,34,15333,7899
1148,National Changhua University of Education,9.8–18.9,Taiwan,8124,53,47,4306,3818
1149,National Chiayi University,9.8–18.9,Taiwan,12537,48,52,6018,6519
1150,National Chung Cheng University,9.8–18.9,Taiwan,14278,37,63,5283,8995
1151,National University of Colombia,9.8–18.9,Colombia,51844,38,62,19701,32143
1152,National University of Córdoba,9.8–18.9,Argentina,64491,63,37,40629,23862
1153,National University of Kaohsiung,9.8–18.9,Taiwan,5599,41,59,2296,3303
1154,National University of La Plata,9.8–18.9,Argentina,118688,56,44,66465,52223
1155,National Polytechnic University (IPN),9.8–18.9,Mexico,178492,38,62,67827,110665
1156,National Research University of Electronic Technology (MIET),9.8–18.9,Russian Federation,4197,31,69,1301,2896
1157,National Research Saratov State University,9.8–18.9,Russian Federation,8756,60,40,5254,3502
1158,National University of the South,9.8–18.9,Argentina,20325,58,42,11788,8536
1159,Nicolaus Copernicus University in Toruń,9.8–18.9,Poland,23670,69,31,16332,7338
1160,University of Nigeria Nsukka,9.8–18.9,Nigeria,32429,48,52,15566,16863
1161,North China Electric Power University,9.8–18.9,China,30412,35,65,10644,19768
1162,Ochanomizu University,9.8–18.9,Japan,2947,100,0,2947,0
1163,Oita University,9.8–18.9,Japan,5682,37,63,2102,3580
1164,Ondokuz Mayis University,9.8–18.9,Turkey,33790,52,48,17571,16219
1165,Osaka Prefecture University,9.8–18.9,Japan,7794,36,64,2806,4988
1166,University of Pardubice,9.8–18.9,Czech Republic,7807,55,45,4294,3513
1167,Perm National Research Polytechnic University,9.8–18.9,Russian Federation,9509,38,62,3613,5896
1168,Perm State University,9.8–18.9,Russian Federation,12452,65,35,8094,4358
1169,Pirogov Russian National Research Medical University,9.8–18.9,Russian Federation,8608,73,27,6284,2324
1170,PMAS Arid Agriculture University Rawalpindi,9.8–18.9,Pakistan,10919,39,61,4258,6661
1171,Pontifical Bolivarian University (UPB) – Medellín,9.8–18.9,Colombia,13748,56,44,7699,6049
1172,Pontifical Catholic University of Paraná,9.8–18.9,Brazil,25198,52,48,13103,12095
1173,Pontifical Catholic University of Valparaíso,9.8–18.9,Chile,15165,43,57,6521,8644
1174,Prince of Songkla University,9.8–18.9,Thailand,41469,69,31,28614,12855
1175,PSG College of Technology,9.8–18.9,India,8283,38,62,3148,5135
1176,Rio de Janeiro State University (UERJ),9.8–18.9,Brazil,22918,57,43,13063,9855
1177,Ritsumeikan University,9.8–18.9,Japan,32739,36,64,11786,20953
1178,University of the Ryukyus,9.8–18.9,Japan,8184,38,62,3110,5074
1179,Saga University,9.8–18.9,Japan,6994,38,62,2658,4336
1180,Saitama Medical University,9.8–18.9,Japan,1889,52,48,982,907
1181,"University of Santiago, Chile (USACH)",9.8–18.9,Chile,24606,40,60,9842,14764
1182,SASTRA University,9.8–18.9,India,12997,50,50,6498,6498
1183,Sathyabama Institute of Science and Technology,9.8–18.9,India,15886,48,52,7625,8261
1184,University of Sciences and Technology Houari Boumediene,9.8–18.9,Algeria,35418,0,0,0,0
1185,Sechenov University,9.8–18.9,Russian Federation,15320,79,21,12103,3217
1186,Seoul National University of Science and Technology (SeoulTech),9.8–18.9,South Korea,12407,34,66,4218,8189
1187,Sepuluh Nopember Institute of Technology,9.8–18.9,Indonesia,16712,40,60,6685,10027
1188,Shahid Bahonar University of Kerman,9.8–18.9,Iran,14635,56,44,8196,6439
1189,Shahrood University of Technology,9.8–18.9,Iran,8453,46,54,3888,4565
1190,Shanghai Maritime University,9.8–18.9,China,23281,40,60,9312,13969
1191,Shibaura Institute of Technology Tokyo,9.8–18.9,Japan,7287,19,81,1385,5902
1192,Shimane University,9.8–18.9,Japan,6125,36,64,2205,3920
1193,Shizuoka University,9.8–18.9,Japan,9932,29,71,2880,7052
1194,University of Shizuoka,9.8–18.9,Japan,2937,60,40,1762,1175
1195,Showa University,9.8–18.9,Japan,3650,58,42,2117,1533
1196,Siberian Federal University,9.8–18.9,Russian Federation,26705,50,50,13352,13352
1197,University of Silesia in Katowice,9.8–18.9,Poland,25546,67,33,17116,8430
1198,Simón Bolívar University,9.8–18.9,Venezuela,11040,44,56,4858,6182
1199,University of the Sinos Valley,9.8–18.9,Brazil,13475,52,48,7007,6468
1200,Slovak University of Technology in Bratislava,9.8–18.9,Slovakia,14579,34,66,4957,9622
1201,Sofia University,9.8–18.9,Bulgaria,23029,65,35,14969,8060
1202,University of Sonora,9.8–18.9,Mexico,29921,53,47,15858,14063
1203,Sophia University,9.8–18.9,Japan,13281,54,46,7172,6109
1204,University of South Africa,9.8–18.9,South Africa,163520,67,33,109558,53962
1205,University of South China,9.8–18.9,China,21927,44,56,9648,12279
1206,Southern Federal University,9.8–18.9,Russian Federation,17627,51,49,8990,8637
1207,University of Southern Mississippi,9.8–18.9,United States,13562,64,36,8680,4882
1208,South Valley University,9.8–18.9,Egypt,46462,62,38,28806,17656
1209,Southwest Jiaotong University,9.8–18.9,China,36351,25,75,9088,27263
1210,Srinakharinwirot University,9.8–18.9,Thailand,23105,66,34,15249,7856
1211,SRM Institute of Science and Technology,9.8–18.9,India,47375,21,79,9949,37426
1212,State University of Maringá,9.8–18.9,Brazil,20522,55,45,11287,9235
1213,State University of Ponta Grossa,9.8–18.9,Brazil,10378,57,43,5915,4463
1214,Western Paraná State University (Unioeste),9.8–18.9,Brazil,10919,59,41,6442,4477
1215,St Petersburg Electrotechnical University (LETI),9.8–18.9,Russian Federation,8418,30,70,2525,5893
1216,Tamil Nadu Agricultural University,9.8–18.9,India,5893,62,38,3654,2239
1217,Tamkang University,9.8–18.9,Taiwan,27041,48,52,12980,14061
1218,University of Tarapacá,9.8–18.9,Chile,8857,54,46,4783,4074
1219,Taras Shevchenko National University of Kyiv,9.8–18.9,Ukraine,22400,57,43,12768,9632
1220,Technical University of Košice,9.8–18.9,Slovakia,9013,29,71,2614,6399
1221,Technical University of Liberec,9.8–18.9,Czech Republic,5706,55,45,3138,2568
1222,Universiti Teknologi MARA,9.8–18.9,Malaysia,54418,66,34,35916,18502
1223,Thammasat University,9.8–18.9,Thailand,33023,63,37,20804,12219
1224,University of Tlemcen,9.8–18.9,Algeria,44100,72,28,31752,12348
1225,TOBB University of Economics and Technology,9.8–18.9,Turkey,5474,46,54,2518,2956
1226,Tokai University,9.8–18.9,Japan,30070,26,74,7818,22252
1227,Tokyo University of Agriculture,9.8–18.9,Japan,12145,41,59,4979,7166
1228,Tokyo City University,9.8–18.9,Japan,7760,23,77,1785,5975
1229,Tokyo Denki University,9.8–18.9,Japan,9315,11,89,1025,8290
1230,Tokyo University of Marine Science and Technology,9.8–18.9,Japan,2686,33,67,886,1800
1231,Tomas Bata University in Zlín,9.8–18.9,Czech Republic,8804,59,41,5194,3610
1232,Tottori University,9.8–18.9,Japan,6094,36,64,2194,3900
1233,University of Toyama,9.8–18.9,Japan,9289,40,60,3716,5573
1234,Toyo University,9.8–18.9,Japan,30484,41,59,12498,17986
1235,University of Tunis El Manar,9.8–18.9,Tunisia,34455,67,33,23085,11370
1236,Université Hassan II de Casablanca,9.8–18.9,Morocco,100095,53,47,53050,47045
1237,Universiti Malaysia Sarawak (UNIMAS),9.8–18.9,Malaysia,15426,65,35,10027,5399
1238,Ural Federal University,9.8–18.9,Russian Federation,24406,49,51,11959,12447
1239,Urmia University,9.8–18.9,Iran,13569,50,50,6784,6784
1240,Utsunomiya University,9.8–18.9,Japan,4989,37,63,1846,3143
1241,University of Valparaíso,9.8–18.9,Chile,16535,57,43,9425,7110
1242,University of Veracruz,9.8–18.9,Mexico,61886,53,47,32800,29086
1243,"University of Veterinary and Animal Sciences, Lahore",9.8–18.9,Pakistan,5255,47,53,2470,2785
1244,V.N. Karazin Kharkiv National University,9.8–18.9,Ukraine,16069,55,45,8838,7231
1245,Volgograd State Technical University,9.8–18.9,Russian Federation,13061,39,61,5094,7967
1246,Voronezh State University,9.8–18.9,Russian Federation,15490,57,43,8829,6661
1247,VŠB - Technical University of Ostrava,9.8–18.9,Czech Republic,14835,36,64,5341,9494
1248,University of West Bohemia,9.8–18.9,Czech Republic,11984,52,48,6232,5752
1249,West University of Timişoara,9.8–18.9,Romania,14189,64,36,9081,5108
1250,Wrocław University of Science and Technology,9.8–18.9,Poland,34819,33,67,11490,23329
1251,Yamaguchi University,9.8–18.9,Japan,10569,36,64,3805,6764
1252,Yanshan University,9.8–18.9,China,32183,39,61,12551,19632
1253,Yarmouk University,9.8–18.9,Jordan,35320,61,39,21545,13775
1254,Yazd University,9.8–18.9,Iran,13635,57,43,7772,5863
1255,Yeditepe University,9.8–18.9,Turkey,19705,55,45,10838,8867
1256,Yuan Ze University,9.8–18.9,Taiwan,8186,42,58,3438,4748
1257,Zagazig University,9.8–18.9,Egypt,135036,51,49,68868,66168
1258,University of Zanjan,9.8–18.9,Iran,10606,55,45,5833,4773
